ticker,cik,observed_delist_date,crsp_code,bucket,confidence,reason,delist_filing_form,delist_filing_date,anchor_8k_items,dereg_form,resolved_name,resolution_source,payout_per_share,payout_source,payout_confidence
AABA,1011006,2019-11-06,400,liquidation,medium,"Form 25 + Form 15, 8-K without M&A items: liquidation/voluntary dereg",25-NSE,2019-10-07,"7.01,9.01",15-12G,ALTABA INC.  (CIK 0001011006),efts,,,
AAN,1821393,2024-10-03,231,merger,high,M&A 2.01+3.01+5.01 (acquired by external acquirer),25-NSE,2024-10-04,"2.01,3.01,3.03,5.01,5.02,5.03,9.01",15-12G,"Aaron's Company, Inc.  (CIK 0001821393)",efts,10.10,8K_2.01,high
ABMD,815094,2023-01-03,231,merger,high,M&A 2.01+3.01+5.01 (acquired by external acquirer),25-NSE,2022-12-22,"2.01,3.01,3.03,5.01,5.02,5.03,9.01",15-12G,ABIOMED INC  (CIK 0000815094),efts,380.00,8K_2.01,high
ACAS,817473,2017-01-11,231,merger,medium,"M&A 2.01+3.01+5.01 (acquired by external acquirer) (no Form 25 anchor, 8-K-only)",,,"2.01,3.01,3.03,5.01,5.02,7.01,9.01",15-12G,"AMERICAN CAPITAL, LTD  (CIK 0000817473)",efts,6.48,8K_2.01,high
ACC,1283630,2022-08-09,231,merger,high,M&A 2.01+3.01+5.01 (acquired by external acquirer),25-NSE,2022-08-10,"1.02,2.01,3.01,3.03,5.01,5.02,8.01,9.01",15-12G,AMERICAN CAMPUS COMMUNITIES INC,name_search,65.47,8K_2.01,high
ACF,804269,2011-10-10,304,exchange_transfer,medium,Continued 10-K/Q filings >180d after delist (moved to OTC or spun off),25-NSE,2010-10-01,,15-12B,"General Motors Financial Company, Inc.",name_search,,,
ACS,2135,2011-02-14,400,liquidation,medium,"Form 25 + Form 15, 8-K without M&A items: liquidation/voluntary dereg",25-NSE,2010-02-08,5.02,15-12B,AFFILIATED COMPUTER SERVICES INC,name_search,,,
AET,1122304,2018-11-28,231,merger,high,M&A 2.01+3.01+5.01 (acquired by external acquirer),25-NSE,2018-11-29,"1.02,2.01,3.01,3.03,5.01,5.02,5.03,9.01",15-12B,,manual,,none,none
AF,910322,2017-10-02,231,merger,high,M&A 2.01+3.01+5.01 (acquired by external acquirer),25-NSE,2017-10-02,"2.01,3.01,3.03,5.01,5.02,5.03,9.01",15-12B,ASTORIA FINANCIAL CORP,name_search,,none,none
AFSI,1365555,2018-11-29,231,merger,high,M&A 2.01+3.01+5.01 (acquired by external acquirer),25-NSE,2018-11-29,"2.01,3.01,3.02,3.03,5.01,5.02,5.03,8.01,9.01",15-12B,"Amtrust Financial Services, Inc.  (CIK 0001365555)",efts,14.75,8K_2.01,high
AGN,1578845,2020-05-08,231,merger,high,M&A 2.01+3.01+5.01 (acquired by external acquirer),25-NSE,2020-05-11,"2.01,3.01,3.03,5.01,5.02,5.03,8.01,9.01",15-12B,Allergan plc  (CIK 0001578845),efts_frequency,,none,none
AGP,1064863,2012-12-21,231,merger,high,M&A 2.01+3.01+5.01 (acquired by external acquirer),25-NSE,2012-12-28,"2.01,3.01,3.03,5.01,5.02,5.03,9.01",15-12B,AMERIGROUP CORP,name_search,92.00,8K_2.01,high
AH,1472595,2014-04-22,304,exchange_transfer,medium,Continued 10-K/Q filings >180d after delist (moved to OTC or spun off),25-NSE,2014-08-01,,15-12G,,manual,,,
AHL,1267395,2026-03-05,400,liquidation,medium,"Form 25 + Form 15, no merger 8-K: voluntary dereg / liquidation",25-NSE,2026-02-24,,15-12G,ASPEN INSURANCE HOLDINGS LTD,name_search,,,
AIRC,1820877,2024-06-28,231,merger,high,M&A 2.01+3.01+5.01 (acquired by external acquirer),25-NSE,2024-06-28,"1.01,1.02,2.01,2.03,3.01,3.03,5.01,5.02,5.03,7.01,8.01,9.01",15-12G,Apartment Income REIT Corp.,name_search,39.12,8K_2.01,high
AKS,918160,2020-03-13,231,merger,high,M&A 2.01+3.01+5.01 (acquired by external acquirer),25-NSE,2020-03-13,"1.01,1.02,2.01,3.01,3.03,5.01,5.02,5.03,9.01",15-12G,AK STEEL HOLDING CORP  (CIK 0000918160),efts,,none,none
ALD,,2019-03-14,600,expiration,high,"Non-equity security (asset_type='etf', name='wisdomtree asia local debt fund na')",,,,,,,,,
ALEX,1545654,2026-03-12,231,merger,high,M&A 2.01+3.01+5.01 (acquired by external acquirer),25-NSE,2026-03-13,"1.02,2.01,3.01,3.03,5.01,5.02,8.01,9.01",15-12G,,manual,20.85,8K_2.01,high
ALR,1145460,2017-10-19,231,merger,high,M&A 2.01+3.01+5.01 (acquired by external acquirer),25-NSE,2017-10-03,"1.02,2.01,3.01,3.03,5.01,9.01",15-12B,ALERE INC.,name_search,51.00,8K_2.01,high
ALTR,1701732,2025-03-26,231,merger,high,M&A 2.01+3.01+5.01 (acquired by external acquirer),25-NSE,2025-03-26,"1.01,1.02,2.01,2.04,3.01,3.03,5.01,5.02,5.03,9.01",15-12G,Altair Engineering Inc.  (ALTR)  (CIK 0001701732),efts,113.00,8K_2.01,high
ALXN,899866,2021-07-28,231,merger,high,M&A 2.01+3.01+5.01 (acquired by external acquirer),25-NSE,2021-07-21,"1.02,2.01,3.01,3.03,5.01,5.02,5.03,9.01",15-12G,"ALEXION PHARMACEUTICALS, INC.  (CIK 0000899866)",efts,,none,none
AMED,896262,2025-08-14,231,merger,high,M&A 2.01+3.01+5.01 (acquired by external acquirer),25-NSE,2025-08-14,"1.02,2.01,3.01,3.03,5.01,5.02,5.03,9.01",15-12G,AMEDISYS INC  (AMED)  (CIK 0000896262),efts,,none,none
AMSG,895930,2016-12-09,400,liquidation,medium,"Form 25 + Form 15, 8-K without M&A items: liquidation/voluntary dereg",25-NSE,2016-12-01,"8.01,9.01",15-15D,AMSURG CORP  (CIK 0000895930),efts,,,
ANAT,1801075,2022-09-08,231,merger,high,M&A 2.01+3.01+5.01 (acquired by external acquirer),25-NSE,2022-05-25,"2.01,3.01,3.03,5.01,5.02,5.03,8.01,9.01",15-12B,American National Group Inc,name_search,190.00,8K_2.01,high
ANN,874214,2015-08-31,231,merger,high,M&A 2.01+3.01+5.01 (acquired by external acquirer),25-NSE,2015-08-25,"2.01,3.01,3.03,5.01,5.02,5.03",15-12B,ANN INC.,name_search,,none,none
AOL,1468516,2015-06-22,231,merger,high,M&A 2.01+3.01+5.01 (acquired by external acquirer),25-NSE,2015-06-23,"1.01,2.01,2.04,3.01,5.01,5.02,5.03,8.01,9.01",15-12B,AOL Inc.  (CIK 0001468516),efts,50.00,8K_2.01,high
APLS,1492422,2026-05-14,231,merger,high,M&A 2.01+3.01+5.01 (acquired by external acquirer),25-NSE,2026-05-14,"1.01,1.02,2.01,3.01,3.03,5.01,5.02,5.03,7.01,8.01,9.01",15-12G,"Apellis Pharmaceuticals, Inc.",company_tickers,41.00,8K_2.01,high
APOL,929887,2017-02-09,231,merger,high,M&A 2.01+3.01+5.01 (acquired by external acquirer),25-NSE,2017-02-01,"2.01,3.01,3.03,5.01,5.02,5.03,8.01,9.01",15-12G,APOLLO EDUCATION GROUP INC  (CIK 0000929887),efts,10.00,8K_2.01,high
ARG,804212,2016-05-31,231,merger,high,M&A 2.01+3.01+5.01 (acquired by external acquirer),25-NSE,2016-05-23,"1.02,2.01,3.01,3.03,5.01,5.02,5.03,7.01,9.01",15-15D,AIRGAS INC,name_search,143.00,8K_2.01,high
ARIA,884731,2017-02-17,231,merger,high,M&A 2.01+3.01+5.01 (acquired by external acquirer),25-NSE,2017-02-16,"1.01,2.01,3.01,3.03,5.01,5.02,5.03,8.01,9.01",15-12B,ARIAD PHARMACEUTICALS INC  (CIK 0000884731),efts,24.00,8K_2.01,high
ARNC,1790982,2023-08-17,231,merger,high,M&A 2.01+3.01+5.01 (acquired by external acquirer),25-NSE,2023-08-18,"1.01,1.02,2.01,2.03,3.01,3.03,5.01,5.02,5.03,8.01,9.01",15-12G,Arconic Corporation,name_search,30.00,8K_2.01,high
ARRS,1645494,2019-04-04,231,merger,high,M&A 2.01+3.01+5.01 (acquired by external acquirer),25-NSE,2019-04-04,"1.02,2.01,3.01,3.03,5.01,5.02,9.01",15-12B,ARRIS International plc  (CIK 0001645494),efts,31.75,8K_2.01,high
ASBC,7789,2014-12-22,304,exchange_transfer,medium,Continued 10-K/Q filings >180d after delist (moved to OTC or spun off),25,2014-12-22,,15-12G,ASSOCIATED BANC-CORP,name_search,,,
AT,1419242,2021-05-14,231,merger,high,M&A 2.01+3.01+5.01 (acquired by external acquirer),25-NSE,2021-05-17,"1.02,2.01,3.01,3.03,5.01,5.02,8.01,9.01",15-12B,ATLANTIC POWER CORP,name_search,3.03,8K_2.01,high
ATH,1527469,2021-12-31,304,exchange_transfer,medium,Continued 10-K/Q filings >180d after delist (moved to OTC or spun off),25-NSE,2022-01-03,,15-12B,Athene Holding Ltd.,name_search,,,
ATHL,1574648,2014-11-13,570,compliance_failure,high,"Compliance failure (3.01 alone, no M&A indicators)",25-NSE,2014-11-14,"3.01,3.03,5.01,5.02,5.03,8.01,9.01",15-12B,Athlon Energy Inc.,name_search,,,
ATHN,1131096,2019-02-11,231,merger,high,M&A 2.01+3.01+5.01 (acquired by external acquirer),25-NSE,2019-02-11,"1.02,2.01,3.01,3.03,5.01,5.02,5.03,7.01,9.01",15-12B,ATHENAHEALTH INC  (CIK 0001131096),efts,135.00,8K_1.01,medium
ATML,872448,2016-04-12,231,merger,high,M&A 2.01+3.01+5.01 (acquired by external acquirer),25-NSE,2016-04-04,"2.01,3.01,3.03,5.01,5.02,5.03,9.01",15-12G,ATMEL CORP  (CIK 0000872448),efts,7.00,8K_2.01,high
ATVI,718877,2023-10-13,231,merger,high,M&A 2.01+3.01+5.01 (acquired by external acquirer),25-NSE,2023-10-13,"2.01,3.01,3.03,5.01,5.02,5.03,9.01",15-12G,"Activision Blizzard, Inc.",name_search,95.00,8K_2.01,high
ATW,8411,2017-10-19,231,merger,high,M&A 2.01+3.01+5.01 (acquired by external acquirer),25-NSE,2017-10-06,"1.02,2.01,3.01,3.03,5.01,5.02,9.01",15-12B,ATWOOD OCEANICS INC,name_search,,none,none
AVLR,1348036,2022-10-28,231,merger,high,M&A 2.01+3.01+5.01 (acquired by external acquirer),25-NSE,2022-10-19,"1.01,1.02,2.01,2.03,3.01,3.03,5.01,5.02,5.03,8.01,9.01",15-12G,"AVALARA, INC.",name_search,93.50,8K_1.01,medium
AVP,8868,2020-01-03,304,exchange_transfer,medium,Continued 10-K/Q filings >180d after delist (moved to OTC or spun off),25-NSE,2020-01-06,,15-12B,AVON PRODUCTS INC,name_search,,,
AWH,1163348,2017-08-28,231,merger,high,M&A 2.01+3.01+5.01 (acquired by external acquirer),25,2017-07-17,"1.02,2.01,3.01,3.03,5.01",15-12B,"Allied World Assurance Co Holdings, GmbH",name_search,23.00,8K_2.01,high
AYE,3673,2011-11-30,570,compliance_failure,high,"Compliance failure (3.01 alone, no M&A indicators)",25-NSE,2011-03-02,"3.01,3.03,5.01,5.02,5.03,9.01",15-15D,"ALLEGHENY ENERGY, INC",name_search,,,
AYR,1362988,2020-03-27,304,exchange_transfer,medium,Continued 10-K/Q filings >180d after delist (moved to OTC or spun off),25-NSE,2020-03-30,,15-12B,Aircastle LTD,company_tickers,,,
AYX,1689923,2024-03-18,231,merger,high,M&A 2.01+3.01+5.01 (acquired by external acquirer),25-NSE,2024-03-19,"1.01,2.01,2.03,3.01,3.03,5.01,5.02,5.03,8.01,9.01",15-12G,"Alteryx, Inc.",name_search,48.25,DEFM14A,medium
AZEK,1782754,2025-07-01,231,merger,high,M&A 2.01+3.01+5.01 (acquired by external acquirer),25-NSE,2025-07-01,"1.02,2.01,3.01,3.03,5.01,5.02,5.03,8.01,9.01",15-12G,AZEK Co Inc.  (AZEK)  (CIK 0001782754),efts,26.45,8K_2.01,high
AZPN,1897982,2025-03-12,231,merger,high,M&A 2.01+3.01+5.01 (acquired by external acquirer),25-NSE,2025-03-12,"1.02,2.01,3.01,3.03,5.01,5.02,5.03,9.01",15-12G,"Aspen Technology, Inc.  (AZPN)  (CIK 0001897982)",efts,265.00,8K_2.01,high
BCR,9892,2017-12-29,570,compliance_failure,high,"Compliance failure (3.01 alone, no M&A indicators)",25-NSE,2017-12-29,"1.01,1.02,3.01,3.03,5.01,5.02,5.03,8.01,9.01",15-12B,BARD C R INC /NJ/  (CIK 0000009892),efts_frequency,,,
BEAV,861361,2017-04-21,231,merger,high,M&A 2.01+3.01+5.01 (acquired by external acquirer),25-NSE,2017-04-13,"1.02,2.01,3.01,3.03,5.01,5.02,5.03,9.01",15-12G,B/E AEROSPACE INC  (CIK 0000861361),efts,34.10,8K_2.01,high
BERY,1378992,2025-04-29,231,merger,high,M&A 2.01+3.01+5.01 (acquired by external acquirer),25-NSE,2025-04-30,"1.02,2.01,3.01,3.03,5.01,5.02,5.03,9.01",15-12G,"BERRY GLOBAL GROUP, INC.",name_search,,none,none
BFA,14693,2018-10-29,304,exchange_transfer,medium,Continued 10-K/Q filings >180d after delist (moved to OTC or spun off),,,,15-12B,,manual,,,
BIVV,1681689,2018-03-19,231,merger,high,M&A 2.01+3.01+5.01 (acquired by external acquirer),25-NSE,2018-03-08,"1.02,2.01,3.01,3.03,5.01,5.02,5.03,9.01",15-12B,Bioverativ Inc.  (CIK 0001681689),efts,105.00,8K_2.01,high
BJS,864328,2011-05-09,231,merger,high,M&A 2.01+3.01+5.01 (acquired by external acquirer),25-NSE,2010-04-29,"1.01,1.02,2.01,3.01,3.03,5.01,5.02,5.03,9.01",15-12B,BJ SERVICES CO,name_search,,none,none
BKI,1627014,2023-09-05,231,merger,high,M&A 2.01+3.01+5.01 (acquired by external acquirer),25-NSE,2023-09-05,"1.02,2.01,3.01,3.03,5.01,5.02,5.03,8.01,9.01",15-12G,Black Knight Inc - Class A,name_search,74.68,DEFM14A,medium
BKS,890491,2019-08-19,231,merger,high,M&A 2.01+3.01+5.01 (acquired by external acquirer),25-NSE,2019-08-07,"1.02,2.01,3.01,3.03,5.01,5.02,5.03,8.01,9.01",15-12B,BARNES & NOBLE INC  (CIK 0000890491),efts_frequency,6.50,8K_2.01,high
BLUE,1293971,2025-06-02,231,merger,high,M&A 2.01+3.01+5.01 (acquired by external acquirer),25-NSE,2025-06-02,"1.01,2.01,3.01,3.03,5.01,5.02,5.03,9.01",15-12G,"bluebird bio, Inc.  (BLUE)  (CIK 0001293971)",efts,5.00,8K_2.01,high
BMS,11199,2019-06-28,231,merger,high,M&A 2.01+3.01+5.01 (acquired by external acquirer),25-NSE,2019-06-11,"1.02,2.01,3.01,3.03,5.01,5.02,5.03,9.01",15-12B,"Amcor Flexibles North America, Inc.",name_search,,none,none
BPYU,1496048,2021-07-26,570,compliance_failure,high,"Compliance failure (3.01 alone, no M&A indicators)",25-NSE,2021-07-26,"1.01,3.01,3.02,5.02",15-12B,Brookfield Property REIT Inc.  (CIK 0001496048),efts,,,
BRCD,1009626,2017-11-20,231,merger,high,M&A 2.01+3.01+5.01 (acquired by external acquirer),25-NSE,2017-11-17,"1.01,1.02,2.01,2.04,3.01,5.01,5.02,8.01,9.01",15-12G,BROCADE COMMUNICATIONS SYSTEMS INC  (CIK 0001009626),efts,12.75,DEFM14A,medium
BRL,10081,2008-12-22,400,liquidation,medium,"Form 25 + Form 15, 8-K without M&A items: liquidation/voluntary dereg",25-NSE,2008-12-23,"8.01,9.01",15-12G,BARR PHARMACEUTICALS INC,name_search,,,
BWC,1854863,2023-08-11,580,compliance_failure,high,"Compliance failure (3.01 alone, no M&A indicators) + NT 10-K/Q in prior year (delinquent filer 580)",25-NSE,2023-08-04,"3.01,9.01",15-12G,Blue Whale Acquisition Corp I  (CIK 0001854863),efts,,,
BXLT,1620546,2016-06-16,231,merger,high,M&A 2.01+3.01+5.01 (acquired by external acquirer),25-NSE,2016-06-03,"1.01,1.02,2.01,3.01,3.03,5.01,5.02,5.03,9.01",15-12B,Baxalta Inc,name_search,18.00,8K_2.01,high
BYI,2491,2014-12-01,231,merger,high,M&A 2.01+3.01+5.01 (acquired by external acquirer),25-NSE,2014-11-24,"1.02,2.01,3.01,3.03,5.01,5.02,5.03,9.01",15-12B,"BALLY TECHNOLOGIES, INC.",name_search,83.30,8K_2.01,high
CAA,878560,2018-02-13,231,merger,high,M&A 2.01+3.01+5.01 (acquired by external acquirer),25-NSE,2018-02-13,"2.01,3.01,3.03,5.01,5.07",15-12B,"CalAtlantic Group, LLC",name_search,48.26,8K_2.01,high
CAB,1267130,2019-03-01,231,merger,high,M&A 2.01+3.01+5.01 (acquired by external acquirer),25-NSE,2017-09-26,"1.02,2.01,3.01,3.03,5.01,5.02,5.03,8.01,9.01",15-12B,CABELAS INC,name_search,61.50,DEFM14A,medium
CAVM,1175609,2018-07-09,231,merger,high,M&A 2.01+3.01+5.01 (acquired by external acquirer),25-NSE,2018-07-06,"1.02,2.01,3.01,3.03,5.01,5.02,5.03,9.01",15-12B,"CAVIUM, INC.  (CIK 0001175609)",efts,,none,none
CBH,,2024-08-26,600,expiration,high,"Non-equity security (asset_type='etf', name='virtus convertible & income 2024 target term fund')",,,,,,,,,
CBI,1027884,2018-05-11,231,merger,high,M&A 2.01+3.01+5.01 (acquired by external acquirer),25-NSE,2018-05-11,"1.02,2.01,2.03,3.01,3.03,5.01,5.02,5.03,9.01",15-12B,CHICAGO BRIDGE &amp; IRON CO N V,name_search,,none,none
CBST,912183,2015-01-21,231,merger,high,M&A 2.01+3.01+5.01 (acquired by external acquirer),25-NSE,2015-01-22,"2.01,3.01,3.03,5.01,5.02,5.03,9.01",15-12B,CUBIST PHARMACEUTICALS INC  (CIK 0000912183),efts,102.00,8K_2.01,high
CCP,1639947,2017-08-28,231,merger,high,M&A 2.01+3.01+5.01 (acquired by external acquirer),25-NSE,2017-08-17,"1.02,2.01,3.01,3.03,5.01,5.02,7.01,9.01",15-12B,"Care Capital Properties, Inc.",name_search,,none,none
CDK,1609702,2022-09-08,231,merger,high,M&A 2.01+3.01+5.01 (acquired by external acquirer),25-NSE,2022-07-06,"1.01,1.02,2.01,2.03,3.01,3.03,5.01,5.02,5.03,8.01,9.01",15-12G,"CDK Global, Inc.  (CIK 0001609702)",efts,54.87,8K_2.01,high
CELG,816284,2019-11-22,231,merger,high,M&A 2.01+3.01+5.01 (acquired by external acquirer),25-NSE,2019-11-20,"1.02,2.01,3.01,3.03,5.01,5.02,5.03,8.01,9.01",15-12B,CELGENE CORP /DE/  (CIK 0000816284),efts,9.00,8K_2.01,high
CEN,,2023-10-06,600,expiration,high,"Non-equity security (asset_type='etf', name='center coast brookfield mlp & energy infrastructure fund')",,,,,,,,,
CERE,1805387,2024-08-01,231,merger,high,M&A 2.01+3.01+5.01 (acquired by external acquirer),25-NSE,2024-08-01,"1.01,2.01,3.01,3.03,5.01,5.02,5.03,8.01,9.01",15-12G,"Cerevel Therapeutics Holdings, Inc.  (CIK 0001805387)",efts,45.00,8K_2.01,high
CERN,804753,2022-09-08,231,merger,high,M&A 2.01+3.01+5.01 (acquired by external acquirer),25-NSE,2022-06-08,"2.01,3.01,3.03,5.01,5.02,5.03,9.01",15-12G,CERNER Corp,name_search,95.00,8K_2.01,high
CETV,925645,2020-10-13,231,merger,high,M&A 2.01+3.01+5.01 (acquired by external acquirer),25-NSE,2020-10-13,"1.02,2.01,3.01,3.03,5.01,5.02,5.03,9.01",15-12G,CENTRAL EUROPEAN MEDIA ENTERPRISES LTD  (CIK 0000925645),efts,4.58,8K_2.01,high
CFLT,1699838,2026-03-17,231,merger,high,M&A 2.01+3.01+5.01 (acquired by external acquirer),25-NSE,2026-03-17,"1.01,2.01,2.04,3.01,3.03,5.01,5.02,5.03,8.01,9.01",15-12G,"Confluent, Inc.  (CFLT)  (CIK 0001699838)",efts,31.00,8K_2.01,high
CFN,1457543,2015-03-17,231,merger,high,M&A 2.01+3.01+5.01 (acquired by external acquirer),25-NSE,2015-03-17,"1.02,2.01,3.01,3.03,5.01,5.02,5.03,7.01,9.01",15-12B,CAREFUSION Corp,name_search,,none,none
CHAP,1346980,2020-10-14,580,compliance_failure,high,"Compliance failure (3.01 alone, no M&A indicators) + NT 10-K/Q in prior year (delinquent filer 580)",25-NSE,2020-09-01,3.01,15-12B,"Chaparral Energy, Inc.",name_search,,,
CHNG,1756497,2022-10-03,231,merger,high,M&A 2.01+3.01+5.01 (acquired by external acquirer),25-NSE,2022-10-03,"1.02,2.01,3.01,3.03,5.01,5.02,5.03,9.01",15-12G,Change Healthcare Inc.  (CIK 0001756497),efts,25.75,DEFM14A,medium
CHS,897429,2024-01-05,231,merger,high,M&A 2.01+3.01+5.01 (acquired by external acquirer),25-NSE,2024-01-05,"1.01,1.02,2.01,2.03,3.01,3.03,5.01,5.02,5.03,8.01,9.01",15-12G,"CHICO'S FAS, INC.  (CIK 0000897429)",efts_frequency,7.60,8K_2.01,high
CHSI,1090403,2012-07-19,231,merger,high,M&A 2.01+3.01+5.01 (acquired by external acquirer),25-NSE,2012-07-02,"1.02,2.01,3.01,3.03,5.01,5.02,5.03,5.07,9.01",15-12B,"CATALYST HEALTH SOLUTIONS, INC.  (CIK 0001090403)",efts,,none,none
CIE,1471261,2017-12-14,470,liquidation,high,Bankruptcy (8-K item 1.03),25-NSE,2018-01-02,"1.03,2.04,3.01,9.01",15-12B,"Cobalt International Energy, Inc.",name_search,,,
CIT,1171825,2022-01-03,231,merger,high,M&A 2.01+3.01+5.01 (acquired by external acquirer),25-NSE,2022-01-04,"2.01,3.01,3.03,5.01,5.02,8.01,9.01",15-15D,CIT GROUP INC  (CIK 0001171825),efts,,none,none
CIVI,1509589,2026-01-29,231,merger,high,M&A 2.01+3.01+5.01 (acquired by external acquirer),25-NSE,2026-01-30,"1.02,2.01,3.01,3.03,5.01,5.02,5.03,9.01",15-12G,"CIVITAS RESOURCES, INC.",name_search,,none,none
CKH,859598,2021-04-15,231,merger,high,M&A 2.01+3.01+5.01 (acquired by external acquirer),25-NSE,2021-04-16,"1.02,2.01,3.01,3.03,5.01,5.02,5.03,8.01,9.01",15-12B,SEACOR HOLDINGS INC /NEW/,name_search,41.50,8K_2.01,high
CLGX,36047,2021-06-08,231,merger,high,M&A 2.01+3.01+5.01 (acquired by external acquirer),25-NSE,2021-06-04,"1.01,1.02,2.01,3.01,5.01,5.02,5.03,8.01,9.01",15-12B,"CORELOGIC, INC.",name_search,80.00,8K_2.01,high
CLP,909111,2013-10-17,231,merger,high,M&A 2.01+3.01+5.01 (acquired by external acquirer),25-NSE,2013-10-02,"1.02,2.01,3.01,3.03,5.01,5.02,5.03,8.01,9.01",15-12B,COLONIAL PROPERTIES TRUST,name_search,,none,none
CLWR,1442505,2013-10-17,400,liquidation,medium,"Form 25 + Form 15, 8-K without M&A items: liquidation/voluntary dereg",25-NSE,2010-06-21,"8.01,9.01",15-12B,Clearwire Corp /DE  (CIK 0001442505),efts_frequency,,,
CMA,28412,2026-01-30,231,merger,high,M&A 2.01+3.01+5.01 (acquired by external acquirer),25-NSE,2026-02-02,"2.01,3.01,3.03,5.01,5.02,5.03,9.01",15-12G,COMERICA INC,name_search,,none,none
CMD,19446,2021-06-02,231,merger,high,M&A 2.01+3.01+5.01 (acquired by external acquirer),25-NSE,2021-06-02,"1.01,1.02,2.01,3.01,3.03,5.01,5.02,5.03,9.01",15-12B,CANTEL MEDICAL LLC,name_search,,none,none
CNQR,1066026,2014-12-04,231,merger,high,M&A 2.01+3.01+5.01 (acquired by external acquirer),25-NSE,2014-12-04,"2.01,2.04,3.01,3.03,5.01,5.02,5.03,8.01,9.01",15-12G,CONCUR TECHNOLOGIES INC  (CIK 0001066026),efts,129.00,8K_2.01,high
CNW,23675,2015-10-30,231,merger,high,M&A 2.01+3.01+5.01 (acquired by external acquirer),25-NSE,2015-10-30,"1.02,2.01,3.01,3.03,5.01,5.02,5.03,8.01,9.01",15-12B,,manual,47.60,8K_2.01,high
COL,1137411,2018-11-26,231,merger,high,M&A 2.01+3.01+5.01 (acquired by external acquirer),25-NSE,2018-11-27,"2.01,3.01,3.03,5.01,5.02,5.03,9.01",15-12B,ROCKWELL COLLINS INC,name_search,,none,none
CONE,1553023,2022-03-25,231,merger,high,M&A 2.01+3.01+5.01 (acquired by external acquirer),25-NSE,2022-03-25,"1.01,1.02,2.01,2.03,3.01,3.03,5.01,5.02,5.03,8.01,9.01",15-12B,,manual,90.50,8K_2.01,high
COOP,933136,2025-10-01,231,merger,high,M&A 2.01+3.01+5.01 (acquired by external acquirer),25-NSE,2025-10-01,"1.01,2.01,2.03,3.01,3.03,5.01,5.02,5.03,7.01,9.01",15-12G,"Maverick Merger Sub 2, LLC",name_search,,none,none
COUP,1385867,2023-02-28,231,merger,high,M&A 2.01+3.01+5.01 (acquired by external acquirer),25-NSE,2023-02-28,"1.01,1.02,2.01,3.01,3.03,5.01,5.02,5.03,8.01,9.01",15-12G,Coupa Software Inc  (CIK 0001385867),efts,81.00,8K_2.01,high
COV,1385187,2015-02-03,231,merger,high,M&A 2.01+3.01+5.01 (acquired by external acquirer),25-NSE,2015-01-30,"1.01,1.02,2.01,2.03,3.01,3.03,5.01,8.01,9.01",15-12G,Covidien plc,name_search,,none,none
CPGX,1629995,2016-07-01,304,exchange_transfer,medium,Continued 10-K/Q filings >180d after delist (moved to OTC or spun off),25-NSE,2016-07-01,,15-12B,"Columbia Pipeline Group, Inc.",name_search,,,
CPN,916457,2018-03-09,304,exchange_transfer,medium,Continued 10-K/Q filings >180d after delist (moved to OTC or spun off),25-NSE,2018-03-14,,15-12B,CALPINE CORP,name_search,,,
CSE,1241199,2014-04-07,231,merger,high,M&A 2.01+3.01+5.01 (acquired by external acquirer),25-NSE,2014-04-08,"1.01,2.01,3.01,3.03,5.01,5.02,8.01,9.01",15-15D,CAPITALSOURCE INC,name_search,,none,none
CSRA,1646383,2018-04-04,231,merger,high,M&A 2.01+3.01+5.01 (acquired by external acquirer),25-NSE,2018-04-04,"1.02,2.01,3.01,3.02,3.03,5.01,5.02,5.03,9.01",15-12B,CSRA Inc.  (CIK 0001646383),efts,41.25,8K_2.01,high
CST,1562039,2017-06-28,231,merger,high,M&A 2.01+3.01+5.01 (acquired by external acquirer),25-NSE,2017-06-28,"1.02,2.01,2.04,3.01,3.03,5.01,5.02,5.03,9.01",15-12B,"CST BRANDS, INC.  (CIK 0001562039)",efts,48.53,8K_2.01,high
CTCM,1354513,2016-05-26,580,compliance_failure,medium,"Compliance failure (3.01 alone, no M&A indicators) + NT 10-K/Q in prior year (delinquent filer 580)",25-NSE,2016-08-01,"3.01,8.01",,"CTC Media, Inc.",name_search,,,
CTLT,1596783,2024-12-18,231,merger,high,M&A 2.01+3.01+5.01 (acquired by external acquirer),25-NSE,2024-12-18,"1.02,2.01,3.01,3.03,5.01,5.02,5.03,8.01,9.01",15-12G,"Catalent, Inc.",name_search,63.50,8K_2.01,high
CTRA,858470,2026-05-06,231,merger,high,M&A 2.01+3.01+5.01 (acquired by external acquirer),25-NSE,2026-05-07,"1.02,2.01,3.01,3.03,5.01,5.02,9.01",15-12G,Coterra Energy Inc.,name_search,,none,none
CTRX,1363851,2015-07-23,231,merger,high,M&A 2.01+3.01+5.01 (acquired by external acquirer),25-NSE,2015-07-23,"1.02,2.01,3.01,3.03,5.01,5.02,7.01,9.01",15-12G,Catamaran Corp  (CIK 0001363851),efts,61.50,8K_2.01,high
CTV,1835378,2025-02-21,231,merger,high,M&A 2.01+3.01+5.01 (acquired by external acquirer),25-NSE,2025-02-13,"1.02,2.01,3.01,3.03,5.01,5.02,5.03,7.01,8.01,9.01",15-12G,Innovid Corp.,name_search,3.15,DEFM14A,medium
CTX,,2018-08-20,600,expiration,high,"Non-equity security (asset_type='stock', name='qwest corporation 7.00 notes due 2052')",,,,,,,,,
CTXS,877890,2022-11-02,231,merger,high,M&A 2.01+3.01+5.01 (acquired by external acquirer),25-NSE,2022-09-30,"1.01,1.02,2.01,2.03,3.01,3.03,5.01,5.02,5.03,8.01,9.01",15-12G,CITRIX SYSTEMS INC  (CIK 0000877890),efts,104.00,8K_2.01,high
CVA,225648,2021-11-30,231,merger,high,M&A 2.01+3.01+5.01 (acquired by external acquirer),25-NSE,2021-11-30,"1.01,1.02,2.01,2.03,3.01,3.03,5.01,5.02,5.03,7.01,8.01,9.01",15-12B,COVANTA HOLDING CORP,name_search,20.25,8K_2.01,high
CVC,1053112,2016-06-21,231,merger,high,M&A 2.01+3.01+5.01 (acquired by external acquirer),25-NSE,2016-06-21,"1.01,2.01,2.03,3.01,3.03,5.01,5.02,5.03,9.01",15-12B,CABLEVISION SYSTEMS CORP /NY,name_search,34.90,8K_2.01,high
CVD,1023131,2015-02-18,231,merger,high,M&A 2.01+3.01+5.01 (acquired by external acquirer),25-NSE,2015-02-19,"1.02,2.01,2.04,3.01,3.03,5.01,5.02,5.03,9.01",15-12B,COVANCE INC,name_search,,none,none
CVET,1752836,2022-11-02,231,merger,high,M&A 2.01+3.01+5.01 (acquired by external acquirer),25-NSE,2022-10-13,"1.01,1.02,2.01,2.03,3.01,3.03,5.01,5.02,5.03,8.01,9.01",15-12G,"COVETRUS, INC.  (CIK 0001752836)",efts,21.00,8K_1.01,medium
CVG,1062047,2018-12-14,231,merger,high,M&A 2.01+3.01+5.01 (acquired by external acquirer),25-NSE,2018-10-05,"2.01,3.01,3.03,5.01,5.02,5.03,8.01,9.01",15-12B,CONCENTRIX CVG Corp  (CIK 0001062047),efts,,none,none
CVH,1054833,2013-10-17,231,merger,high,M&A 2.01+3.01+5.01 (acquired by external acquirer),25-NSE,2013-05-07,"1.01,1.02,2.01,3.01,3.03,5.01,5.02,5.03,9.01",15-12B,COVENTRY HEALTH CARE INC,name_search,,none,none
CWENA,1567683,2020-08-31,304,exchange_transfer,medium,Continued 10-K/Q filings >180d after delist (moved to OTC or spun off),25-NSE,2026-05-01,,,,manual,,,
CXG,1335793,2011-06-06,570,compliance_failure,high,"Compliance failure (3.01 alone, no M&A indicators)",25-NSE,2010-06-03,"3.01,5.02",15-15D,CNX Gas Corp,name_search,,,
CXO,1358071,2021-01-15,231,merger,high,M&A 2.01+3.01+5.01 (acquired by external acquirer),25-NSE,2021-01-19,"1.02,2.01,3.01,3.03,5.01,5.02,5.03,5.07,9.01",15-12B,CONCHO RESOURCES INC,name_search,,none,none
CXP,1252849,2021-12-07,231,merger,high,M&A 2.01+3.01+5.01 (acquired by external acquirer),25-NSE,2021-12-08,"2.01,3.01,3.03,5.01,5.02",15-12G,"COLUMBIA PROPERTY TRUST, INC.",name_search,19.30,8K_1.01,medium
CY,791915,2020-04-16,231,merger,high,M&A 2.01+3.01+5.01 (acquired by external acquirer),25-NSE,2020-04-16,"1.02,2.01,2.04,3.01,3.03,5.01,5.02,5.03,9.01",15-12B,CYPRESS SEMICONDUCTOR CORP /DE/  (CIK 0000791915),efts,23.85,8K_2.01,high
CYT,912513,2015-12-16,231,merger,high,M&A 2.01+3.01+5.01 (acquired by external acquirer),25-NSE,2015-12-09,"1.01,2.01,3.01,3.03,5.01,5.02,5.03,9.01",15-12B,CYTEC INDUSTRIES INC/DE/,name_search,75.25,8K_2.01,high
DATA,1303652,2019-08-19,231,merger,high,M&A 2.01+3.01+5.01 (acquired by external acquirer),25-NSE,2019-08-01,"2.01,3.01,3.03,5.01,5.02,5.03,9.01",15-12B,,manual,,none,none
DAY,1725057,2026-02-03,231,merger,high,M&A 2.01+3.01+5.01 (acquired by external acquirer),25-NSE,2026-02-04,"1.01,1.02,2.01,3.01,3.02,3.03,5.01,5.02,5.03,7.01,8.01,9.01",15-12G,,manual,70.00,8K_2.01,high
DCT,1160951,2023-03-30,231,merger,high,M&A 2.01+3.01+5.01 (acquired by external acquirer),25-NSE,2023-03-30,"1.01,1.02,2.01,2.03,3.01,3.03,5.01,5.02,5.03,8.01,9.01",15-12G,"DUCK CREEK TECHNOLOGIES, INC.  (CIK 0001160951)",efts,19.00,8K_2.01,high
DFS,1393612,2025-05-16,231,merger,high,M&A 2.01+3.01+5.01 (acquired by external acquirer),25-NSE,2025-05-19,"2.01,3.01,3.03,5.01,5.02,5.03,9.01",15-15D,Discover Financial Services,name_search,,none,none
DFT,1407739,2017-09-28,231,merger,high,M&A 2.01+3.01+5.01 (acquired by external acquirer),25-NSE,2017-09-14,"1.01,1.02,2.01,3.01,3.03,5.01,5.02,5.03,9.01",15-12B,"DUPONT FABROS TECHNOLOGY, INC.",name_search,,none,none
DLPH,1707092,2020-10-02,231,merger,high,M&A 2.01+3.01+5.01 (acquired by external acquirer),25-NSE,2020-10-02,"1.02,2.01,3.01,3.03,5.01,5.02",15-12B,Delphi Technologies PLC,name_search,,none,none
DNB,1799208,2025-08-25,231,merger,high,M&A 2.01+3.01+5.01 (acquired by external acquirer),25-NSE,2025-08-26,"1.01,1.02,2.01,2.03,3.01,3.03,5.01,5.02,5.03,8.01,9.01",15-12G,"Dun & Bradstreet Holdings, Inc.  (DNB)  (CIK 0001799208)",efts_frequency,9.15,8K_1.01,medium
DNKN,1357204,2020-12-15,231,merger,high,M&A 2.01+3.01+5.01 (acquired by external acquirer),25-NSE,2020-12-15,"2.01,3.01,3.03,5.01,5.02,5.03,9.01",15-12B,"DUNKIN' BRANDS GROUP, INC.  (CIK 0001357204)",efts,106.50,8K_2.01,high
DNR,945764,2020-07-30,304,exchange_transfer,medium,Continued 10-K/Q filings >180d after delist (moved to OTC or spun off),25-NSE,2020-08-17,,15-12G,DENBURY INC,name_search,,,
DO,949039,2024-09-04,231,merger,high,M&A 2.01+3.01+5.01 (acquired by external acquirer),25-NSE,2024-09-04,"1.01,1.02,2.01,3.01,3.03,5.01,5.02,5.03,9.01",15-12G,"DIAMOND OFFSHORE DRILLING, INC.",name_search,5.65,8K_2.01,high
DPL,787250,2012-12-03,304,exchange_transfer,medium,Continued 10-K/Q filings >180d after delist (moved to OTC or spun off),25-NSE,2011-11-30,,15-12B,DPL LLC,name_search,,,
DRC,1316656,2015-06-30,231,merger,high,M&A 2.01+3.01+5.01 (acquired by external acquirer),25-NSE,2015-07-01,"1.02,2.01,3.01,3.03,5.01,5.02,5.03,9.01",15-12B,Dresser-Rand Group Inc.  (CIK 0001316656),efts_frequency,83.00,DEFM14A,medium
DRE,783280,2022-10-03,231,merger,high,M&A 2.01+3.01+5.01 (acquired by external acquirer),25-NSE,2022-10-03,"2.01,3.01,3.03,5.01,5.02,9.01",15-12G,DUKE REALTY CORP,name_search,6.17,DEFM14A,medium
DSEY,1831617,2023-07-05,231,merger,high,M&A 2.01+3.01+5.01 (acquired by external acquirer),25-NSE,2023-07-05,"1.01,1.02,2.01,3.01,3.03,5.01,5.02,5.03,8.01,9.01",15-12G,"Diversey Holdings, Ltd.  (CIK 0001831617)",efts,8.40,DEFM14A,medium
DST,714603,2018-04-17,231,merger,high,M&A 2.01+3.01+5.01 (acquired by external acquirer),25-NSE,2018-04-17,"2.01,3.01,3.03,5.01,5.02,5.03,8.01,9.01",15-12B,DST SYSTEMS INC  (CIK 0000714603),efts,84.00,8K_2.01,high
DWA,1297401,2016-08-23,231,merger,high,M&A 2.01+3.01+5.01 (acquired by external acquirer),25-NSE,2016-08-22,"1.02,2.01,3.01,3.03,5.01,5.02,5.03,9.01",15-12B,"DreamWorks Animation SKG, Inc.  (CIK 0001297401)",efts,41.00,8K_2.01,high
EDS,1396016,2015-04-29,570,compliance_failure,medium,"Form 25 present, no 8-K within window (defaulting to exchange action)",25-NSE,2015-05-21,,,Exceed Co Ltd.,name_search,,,
EGL,1544229,2019-01-11,231,merger,high,M&A 2.01+3.01+5.01 (acquired by external acquirer),25-NSE,2019-01-14,"1.02,2.01,3.01,3.03,5.01,5.02,5.03,9.01",15-12B,"Engility Holdings, Inc.",name_search,,none,none
EGN,277595,2018-11-29,231,merger,high,M&A 2.01+3.01+5.01 (acquired by external acquirer),25-NSE,2018-11-30,"1.02,2.01,3.01,3.03,5.01,5.02,5.03,8.01,9.01",15-12B,ENERGEN CORP,name_search,,none,none
EHAB,1803737,2026-05-14,231,merger,high,M&A 2.01+3.01+5.01 (acquired by external acquirer),25-NSE,2026-05-15,"1.01,2.01,3.01,3.03,5.01,5.02,5.03,7.01,9.01",15-12G,"Enhabit, Inc.",company_tickers,13.80,8K_2.01,high
ENH,1179755,2017-04-05,231,merger,high,M&A 2.01+3.01+5.01 (acquired by external acquirer),25-NSE,2017-03-30,"2.01,3.01,3.03,5.01,5.02,5.03,8.01,9.01",15-12B,ENDURANCE SPECIALTY HOLDINGS LTD,name_search,93.00,8K_2.01,high
EQY,1042810,2017-03-09,231,merger,high,M&A 2.01+3.01+5.01 (acquired by external acquirer),25-NSE,2017-03-02,"1.02,2.01,3.01,3.03,5.01,5.02,8.01,9.01",15-12B,"EQUITY ONE, INC.",name_search,,none,none
ESRX,1532063,2018-12-20,231,merger,high,M&A 2.01+3.01+5.01 (acquired by external acquirer),25-NSE,2018-12-21,"2.01,2.03,3.01,3.03,5.01,5.02,5.03,8.01,9.01",15-12B,Express Scripts Holding Co.  (CIK 0001532063),efts,48.75,8K_2.01,high
ETFC,1015780,2020-10-02,231,merger,high,M&A 2.01+3.01+5.01 (acquired by external acquirer),25-NSE,2020-10-02,"2.01,3.01,3.03,5.01,5.02,5.03,8.01,9.01",15-12B,E TRADE FINANCIAL CORP  (CIK 0001015780),efts,,none,none
ETRN,1747009,2024-07-22,231,merger,high,M&A 2.01+3.01+5.01 (acquired by external acquirer),25-NSE,2024-07-22,"1.02,2.01,3.01,3.03,5.01,5.02,5.03,9.01",15-12G,Midstream Co LLC,name_search,,none,none
EV,,2025-04-17,600,expiration,high,"Non-equity security (asset_type='etf', name='mast global battery recycling & production etf')",,,,,,,,,
EVA,1592057,2021-12-31,304,exchange_transfer,medium,Continued 10-K/Q filings >180d after delist (moved to OTC or spun off),25-NSE,2022-01-03,,15-12B,"Enviva, LLC",name_search,,,
EVHC,1578318,2018-12-14,400,liquidation,medium,"Form 25 + Form 15, no merger 8-K: voluntary dereg / liquidation",25-NSE,2018-10-11,,15-12B,"Envision Healthcare Holdings, Inc.",name_search,,,
EXAS,1124140,2026-03-24,231,merger,high,M&A 2.01+3.01+5.01 (acquired by external acquirer),25-NSE,2026-03-23,"1.01,1.02,2.01,3.01,3.03,5.01,5.02,5.03,9.01",15-12G,EXACT SCIENCES CORP  (EXAS)  (CIK 0001124140),efts,105.00,8K_2.01,high
FCE-A,38067,2018-12-10,400,liquidation,medium,"Form 25 + Form 15, no merger 8-K: voluntary dereg / liquidation",25-NSE,2018-12-10,,15-12B,Forest City Enterprises Inc. FCE.A,name_search,,,
FCS,1036960,2016-09-20,231,merger,high,M&A 2.01+3.01+5.01 (acquired by external acquirer),25-NSE,2016-09-19,"1.02,2.01,3.01,3.03,5.01,5.02,5.03,8.01,9.01",15-12B,FAIRCHILD SEMICONDUCTOR INTERNATIONAL INC  (CIK 0001036960),efts,20.00,8K_2.01,high
FDC,883980,2019-08-05,231,merger,high,M&A 2.01+3.01+5.01 (acquired by external acquirer),25-NSE,2019-07-29,"1.02,2.01,3.01,3.03,5.01,5.02,5.03,9.01",15-12B,FIRST DATA CORP,name_search,,none,none
FDO,34408,2015-07-13,231,merger,high,M&A 2.01+3.01+5.01 (acquired by external acquirer),25-NSE,2015-07-09,"1.02,2.01,3.01,3.03,5.01,5.02,5.03,8.01,9.01",15-12B,FAMILY DOLLAR STORES INC,name_search,,none,none
FEIC,914329,2016-09-21,231,merger,high,M&A 2.01+3.01+5.01 (acquired by external acquirer),25-NSE,2016-09-20,"2.01,3.01,3.03,5.01,5.03,8.01,9.01",15-12G,FEI CO  (CIK 0000914329),efts,107.50,8K_2.01,high
FIT,1447599,2021-01-14,231,merger,high,M&A 2.01+3.01+5.01 (acquired by external acquirer),25-NSE,2021-01-14,"2.01,3.01,3.03,5.01,5.02,5.03,9.01",15-12B,"FITBIT, INC.",name_search,7.35,8K_2.01,high
FLIR,354908,2021-05-14,231,merger,high,M&A 2.01+3.01+5.01 (acquired by external acquirer),25-NSE,2021-05-14,"1.02,2.01,3.01,3.03,5.01,5.02,8.01,9.01",15-12G,"Teledyne FLIR, LLC  (CIK 0000354908)",efts,56.00,8K_2.01,high
FMD,1262279,2016-08-30,231,merger,high,M&A 2.01+3.01+5.01 (acquired by external acquirer),25-NSE,2016-08-23,"2.01,3.01,3.03,5.01,5.02,5.03,5.07,8.01,9.01",15-12B,FIRST MARBLEHEAD CORP  (CIK 0001262279),efts_frequency,5.05,8K_2.01,high
FNFG,1051741,2016-08-08,231,merger,high,M&A 2.01+3.01+5.01 (acquired by external acquirer),25-NSE,2016-07-29,"2.01,3.01,3.03,5.01,5.02,5.03,9.01",15-12B,FIRST NIAGARA FINANCIAL GROUP INC  (CIK 0001051741),efts,,none,none
FNFV,1331875,2017-11-20,304,exchange_transfer,medium,Continued 10-K/Q filings >180d after delist (moved to OTC or spun off),25-NSE,2017-11-20,,15-12B,"Fidelity National Financial, Inc.  (FNF)  (CIK 0001331875)",efts,,,
FPL,,2024-05-03,600,expiration,high,"Non-equity security (asset_type='etf', name='first trust new opportunities mlp & energy fund')",,,,,,,,,
FRX,38074,2014-07-01,231,merger,high,M&A 2.01+3.01+5.01 (acquired by external acquirer),25-NSE,2014-07-02,"1.02,2.01,3.01,3.03,5.01,5.02,5.03,8.01,9.01",15-12B,"Forest Laboratories, LLC",name_search,95.00,8K_2.01,high
FSL,1392522,2015-12-15,231,merger,high,M&A 2.01+3.01+5.01 (acquired by external acquirer),25-NSE,2015-12-08,"1.02,2.01,3.01,3.03,5.01,5.02,5.03,9.01",15-12B,Freescale Semiconductor Ltd,name_search,6.25,8K_2.01,high
FST,1815737,2022-08-25,400,liquidation,medium,"Form 25 + Form 15, no merger 8-K: voluntary dereg / liquidation",25-NSE,2022-08-26,,15-12G,FAST Acquisition Corp.,name_search,,,
FTO,110430,2011-11-30,470,liquidation,high,3.01 + 2.04 (delisting with debt acceleration: distress/Ch.11 lead-in),25-NSE,2011-07-01,"2.04,3.01,3.03,5.01,5.02,5.03,9.01",15-12B,FRONTIER OIL CORP /NEW/,name_search,,,
FWLT,1130385,2014-12-03,570,compliance_failure,high,"Compliance failure (3.01 alone, no M&A indicators)",25,2014-11-24,"3.01,5.01,9.01",15-12B,FOSTER WHEELER AG,name_search,,,
FYBR,20520,2026-01-20,231,merger,high,M&A 2.01+3.01+5.01 (acquired by external acquirer),25-NSE,2026-01-20,"1.02,2.01,3.01,3.03,5.01,5.02,5.03,9.01",15-12G,"Frontier Communications Parent, Inc.  (FYBR)  (CIK 0000020520)",efts,38.50,8K_2.01,high
GAS,1004155,2016-07-01,304,exchange_transfer,medium,Continued 10-K/Q filings >180d after delist (moved to OTC or spun off),25-NSE,2016-07-01,,15-12B,,manual,,,
GBT,1629137,2022-11-02,231,merger,high,M&A 2.01+3.01+5.01 (acquired by external acquirer),25-NSE,2022-10-05,"1.01,1.02,2.01,2.04,3.01,3.03,5.01,5.02,5.03,9.01",15-12G,"Global Blood Therapeutics, Inc.  (CIK 0001629137)",efts,68.50,DEFM14A,medium
GCI,1635718,2019-11-19,231,merger,high,M&A 2.01+3.01+5.01 (acquired by external acquirer),25-NSE,2019-11-20,"1.01,1.02,2.01,3.01,3.03,5.01,5.03,5.07,9.01",15-12B,"Gannett Co., Inc.  (CIK 0001635718)",efts_frequency,6.25,8K_2.01,high
GES,912463,2026-01-22,231,merger,high,M&A 2.01+3.01+5.01 (acquired by external acquirer),25-NSE,2026-01-23,"1.01,1.02,2.01,2.03,3.01,3.03,5.01,5.02,5.03,7.01,9.01",15-12G,GUESS INC,name_search,16.75,8K_2.01,high
GGP,1496048,2018-08-28,304,exchange_transfer,medium,Continued 10-K/Q filings >180d after delist (moved to OTC or spun off),25-NSE,2018-08-28,,15-12B,Brookfield Property REIT Inc.  (CIK 0001496048),efts,,,
GMCR,909954,2016-03-04,231,merger,high,M&A 2.01+3.01+5.01 (acquired by external acquirer),25-NSE,2016-03-03,"2.01,3.01,3.03,5.01,5.02,5.03,7.01,9.01",15-12B,"KEURIG GREEN MOUNTAIN, INC.  (CIK 0000909954)",efts,92.00,8K_2.01,high
GNC,1502034,2020-06-30,580,compliance_failure,high,"Compliance failure (3.01 alone, no M&A indicators) + NT 10-K/Q in prior year (delinquent filer 580)",25-NSE,2020-07-01,3.01,15-12B,"GNC HOLDINGS, INC.  (CIK 0001502034)",efts,,,
GRA,1045309,2021-09-22,231,merger,high,M&A 2.01+3.01+5.01 (acquired by external acquirer),25-NSE,2021-09-22,"1.01,1.02,2.01,2.03,3.01,3.03,5.01,5.02,9.01",15-12B,W R GRACE & CO  (CIK 0001045309),efts_frequency,70.00,8K_2.01,high
GRUB,1594109,2021-06-11,231,merger,high,M&A 2.01+3.01+5.01 (acquired by external acquirer),25-NSE,2021-06-15,"2.01,3.01,3.03,5.01,5.02,5.03,8.01,9.01",15-12B,GrubHub Inc.,name_search,,none,none
GSF,,2015-10-22,600,expiration,high,"Non-equity security (asset_type='stock', name='goldman sachs group inc. the 6.125 notes due 2060')",,,,,,,,,
GTI,931148,2015-08-25,304,exchange_transfer,medium,Continued 10-K/Q filings >180d after delist (moved to OTC or spun off),25-NSE,2015-08-17,,15-12B,GRAFTECH INTERNATIONAL LTD,name_search,,,
GWR,1012620,2020-01-02,231,merger,high,M&A 2.01+3.01+5.01 (acquired by external acquirer),25-NSE,2019-12-30,"2.01,3.01,3.03,5.01,5.02,5.03,8.01,9.01",15-12B,GENESEE &amp; WYOMING INC,name_search,112.00,8K_2.01,high
GXP,1143068,2018-06-05,570,compliance_failure,high,"Compliance failure (3.01 alone, no M&A indicators)",25-NSE,2018-06-06,"3.01,3.03,5.01,5.02,5.04,8.01,9.01",15-12B,GREAT PLAINS ENERGY INC,name_search,,,
HAR,800459,2017-03-10,231,merger,high,M&A 2.01+3.01+5.01 (acquired by external acquirer),25-NSE,2017-03-13,"1.02,2.01,3.01,3.03,5.01,5.02,5.03,8.01,9.01",15-12B,HARMAN INTERNATIONAL INDUSTRIES INC /DE/,name_search,112.00,8K_2.01,high
HCBK,921847,2015-10-30,231,merger,high,M&A 2.01+3.01+5.01 (acquired by external acquirer),25-NSE,2015-10-30,"2.01,3.01,3.03,5.01,5.02,5.03,9.01",15-12G,HUDSON CITY BANCORP INC  (CIK 0000921847),efts,,none,none
HCP,1720671,2025-02-27,231,merger,high,M&A 2.01+3.01+5.01 (acquired by external acquirer),25-NSE,2025-02-27,"2.01,3.01,3.03,5.01,5.02,5.03,8.01,9.01",15-12G,"HashiCorp, Inc.  (HCP)  (CIK 0001720671)",efts,35.00,8K_2.01,high
HCR,1549848,2020-07-13,570,compliance_failure,high,"Compliance failure (3.01 alone, no M&A indicators)",25-NSE,2020-07-31,3.01,15-12B,Hi-Crush Inc.  (CIK 0001549848),efts_frequency,,,
HDS,1573097,2020-12-24,231,merger,high,M&A 2.01+3.01+5.01 (acquired by external acquirer),25-NSE,2020-12-28,"1.02,2.01,3.01,3.03,5.01,5.02,5.03,9.01",15-12B,"HD Supply Holdings, Inc.",name_search,56.00,8K_2.01,high
HES,4447,2025-07-18,231,merger,high,M&A 2.01+3.01+5.01 (acquired by external acquirer),25-NSE,2025-07-18,"1.02,2.01,3.01,3.03,5.01,5.02,5.03,9.01",15-12G,HESS CORP  (HES)  (CIK 0000004447),efts_frequency,,none,none
HLTH,1409916,2019-09-10,580,compliance_failure,medium,"Compliance failure (3.01 alone, no M&A indicators) + NT 10-K/Q in prior year (delinquent filer 580)",25-NSE,2019-09-12,"3.01,5.02",,Nobilis Health Corp.,name_search,,,
HMA,1850529,2023-07-25,580,compliance_failure,high,"Compliance failure (3.01 alone, no M&A indicators) + NT 10-K/Q in prior year (delinquent filer 580)",25-NSE,2023-08-03,"3.01,8.01",15-12G,Heartland Media Acquisition Corp.  (CIK 0001850529),efts_frequency,,,
HNT,916085,2016-04-01,231,merger,high,M&A 2.01+3.01+5.01 (acquired by external acquirer),25-NSE,2016-03-24,"1.01,1.02,2.01,3.01,3.03,5.01,5.02,5.03,9.01",15-12B,HEALTH NET INC,name_search,,none,none
HNZ,46640,2013-10-17,570,compliance_failure,high,"Compliance failure (3.01 alone, no M&A indicators)",25-NSE,2013-07-18,"1.01,1.02,2.03,3.01,3.03,5.01,5.02,5.03,9.01",15-12B,,manual,,,
HOLX,859737,2026-04-07,231,merger,high,M&A 2.01+3.01+5.01 (acquired by external acquirer),25-NSE,2026-04-07,"1.01,1.02,2.01,3.01,3.03,5.01,5.02,5.03,7.01,9.01",15-12G,HOLOGIC INC  (HOLX)  (CIK 0000859737),efts,76.00,8K_2.01,high
HOT,,2016-10-03,600,expiration,high,"Non-equity security (asset_type='etf', name='defiance hot sauce daily 2x strategy etf')",,,,,,,,,
HRC,47518,2021-12-13,231,merger,high,M&A 2.01+3.01+5.01 (acquired by external acquirer),25-NSE,2021-12-13,"1.02,2.01,3.01,3.03,5.01,5.02,5.03,8.01,9.01",15-12B,"Hill-Rom Holdings, Inc.",name_search,156.00,DEFM14A,medium
HSH,23666,2014-08-29,231,merger,high,M&A 2.01+3.01+5.01 (acquired by external acquirer),25-NSE,2014-08-28,"1.02,2.01,3.01,3.02,3.03,5.01,5.02,8.01,9.01",15-12B,Hillshire Brands Co,name_search,63.00,8K_2.01,high
HSP,1274057,2015-09-02,231,merger,high,M&A 2.01+3.01+5.01 (acquired by external acquirer),25-NSE,2015-09-03,"1.02,2.01,3.01,3.03,5.01,5.02,5.03,9.01",15-12B,HOSPIRA INC,name_search,90.00,8K_2.01,high
HTS,1419521,2016-07-20,231,merger,high,M&A 2.01+3.01+5.01 (acquired by external acquirer),25-NSE,2016-07-12,"1.02,2.01,3.01,3.03,5.01,5.02,5.03,7.01,9.01",15-12B,Hatteras Financial Corp,name_search,15.85,8K_2.01,high
HTV,949536,2009-06-04,570,compliance_failure,high,"Compliance failure (3.01 alone, no M&A indicators)",25-NSE,2009-06-05,"3.01,3.03,5.02,5.03,9.01",15-12G,HEARST TELEVISION INC.,name_search,,,
HZNP,1492426,2023-10-06,231,merger,high,M&A 2.01+3.01+5.01 (acquired by external acquirer),25-NSE,2023-10-06,"1.02,2.01,3.01,3.03,5.01,5.02,5.03,9.01",15-12G,Horizon Therapeutics Public Ltd Co  (CIK 0001492426),efts,116.50,8K_2.01,high
IAA,1745041,2023-03-20,231,merger,high,M&A 2.01+3.01+5.01 (acquired by external acquirer),25-NSE,2023-03-21,"1.02,2.01,3.01,3.03,5.01,5.02,5.03,9.01",15-12G,"IAA, Inc.  (CIK 0001745041)",efts,,none,none
IDTI,703361,2019-03-29,231,merger,high,M&A 2.01+3.01+5.01 (acquired by external acquirer),25-NSE,2019-03-29,"1.01,1.02,2.01,3.01,5.01,5.02,5.03,8.01,9.01",15-12G,INTEGRATED DEVICE TECHNOLOGY INC  (CIK 0000703361),efts,49.00,8K_2.01,high
IFIN,1862935,2024-08-30,304,exchange_transfer,medium,Continued 10-K/Q filings >180d after delist (moved to OTC or spun off),25,2024-08-30,,,Currenc Group Inc.,name_search,,,
IM,1018003,2016-12-13,231,merger,high,M&A 2.01+3.01+5.01 (acquired by external acquirer),25-NSE,2016-12-06,"2.01,2.03,3.01,3.03,5.01,5.02,5.03,8.01,9.01",15-15D,,manual,38.90,8K_2.01,high
IMCL,1520047,2018-10-05,573,compliance_failure,high,SEC REVOKED registration filed 2019-04-10,,,,,,manual,,,
IMMU,722830,2020-10-23,231,merger,high,M&A 2.01+3.01+5.01 (acquired by external acquirer),25-NSE,2020-10-23,"2.01,3.01,3.03,5.01,5.02,5.03,9.01",15-12G,IMMUNOMEDICS INC  (CIK 0000722830),efts,88.00,8K_2.01,high
IMS,1595262,2016-10-11,200,merger,high,M&A 2.01+3.01 (acquisition with delisting),25-NSE,2016-10-03,"2.01,3.01,5.02,9.01",15-12B,"IMS Health Holdings, Inc.  (CIK 0001595262)",efts,,none,none
IPG,51644,2025-11-26,231,merger,high,M&A 2.01+3.01+5.01 (acquired by external acquirer),25-NSE,2025-11-28,"1.02,2.01,3.01,3.03,5.01,5.02,5.03,9.01",15-12G,"INTERPUBLIC GROUP OF COMPANIES, INC.  (IPG)  (CIK 0000051644)",efts,,none,none
IPHI,1160958,2021-04-20,231,merger,high,M&A 2.01+3.01+5.01 (acquired by external acquirer),25-NSE,2021-04-20,"1.01,2.01,3.01,3.03,5.01,5.03,8.01,9.01",15-12B,INPHI Corp  (CIK 0001160958),efts,,none,none
IRF,316793,2015-01-13,570,compliance_failure,high,"Compliance failure (3.01 alone, no M&A indicators)",25-NSE,2015-01-15,"1.02,3.01,3.03,5.01,5.02,5.03,8.01,9.01",15-12B,INTERNATIONAL RECTIFIER CORP /DE/,name_search,,,
ISCA,51548,2019-10-18,231,merger,high,M&A 2.01+3.01+5.01 (acquired by external acquirer),25-NSE,2019-10-18,"1.02,2.01,3.01,3.03,5.01,5.02,5.03,8.01,9.01",15-12G,INTERNATIONAL SPEEDWAY CORP  (CIK 0000051548),efts,45.00,8K_2.01,high
ISIL,1096325,2017-02-27,231,merger,high,M&A 2.01+3.01+5.01 (acquired by external acquirer),25-NSE,2017-02-24,"2.01,3.01,3.03,5.01,5.02,5.03,8.01,9.01",15-12G,INTERSIL CORP/DE  (CIK 0001096325),efts,22.50,8K_2.01,high
ITC,1317630,2016-10-24,304,exchange_transfer,medium,Continued 10-K/Q filings >180d after delist (moved to OTC or spun off),25-NSE,2016-10-14,,15-12B,ITC Holdings Corp.  (CIK 0001317630),efts,,,
ITCI,1567514,2025-04-02,231,merger,high,M&A 2.01+3.01+5.01 (acquired by external acquirer),25-NSE,2025-04-02,"2.01,3.01,3.03,5.01,5.02,5.03,9.01",15-12G,"Intra-Cellular Therapies, Inc.  (ITCI)  (CIK 0001567514)",efts,132.00,8K_2.01,high
ITG,920424,2019-02-28,231,merger,high,M&A 2.01+3.01+5.01 (acquired by external acquirer),25-NSE,2019-03-01,"1.02,2.01,3.01,3.03,5.01,5.02,5.03,8.01,9.01",15-12B,VIRTU ITG HOLDINGS LLC  (CIK 0000920424),efts,30.30,8K_2.01,high
JAH,895655,2016-04-25,570,compliance_failure,high,"Compliance failure (3.01 alone, no M&A indicators)",25-NSE,2016-04-18,"1.01,1.02,2.03,3.01,3.03,5.01,5.02,5.03,5.07",15-12B,JARDEN CORP,name_search,,,
JAMF,1721947,2026-01-30,231,merger,high,M&A 2.01+3.01+5.01 (acquired by external acquirer),25-NSE,2026-01-30,"1.01,1.02,2.01,2.03,2.04,3.01,3.03,5.01,5.02,5.03,8.01,9.01",15-12G,Jamf Holding Corp.  (JAMF)  (CIK 0001721947),efts,13.05,DEFM14A,medium
JNPR,1043604,2025-07-02,231,merger,high,M&A 2.01+3.01+5.01 (acquired by external acquirer),25-NSE,2025-07-02,"1.02,2.01,3.01,3.03,5.01,5.02,5.03,8.01,9.01",15-12G,JUNIPER NETWORKS INC  (JNPR)  (CIK 0001043604),efts_frequency,40.00,8K_2.01,high
JNY,874016,2014-04-09,231,merger,high,M&A 2.01+3.01+5.01 (acquired by external acquirer),25-NSE,2014-04-09,"1.01,1.02,2.01,2.03,3.01,3.03,5.01,5.02,9.01",15-12B,JONES GROUP INC  (CIK 0000874016),efts_frequency,15.00,8K_2.01,high
JOY,801898,2017-04-13,231,merger,high,M&A 2.01+3.01+5.01 (acquired by external acquirer),25-NSE,2017-04-06,"1.02,2.01,3.01,3.03,5.01,5.02,5.03,9.01",15-12G,JOY GLOBAL INC,name_search,28.30,8K_2.01,high
JUNO,1594864,2018-03-06,231,merger,high,M&A 2.01+3.01+5.01 (acquired by external acquirer),25-NSE,2018-03-06,"2.01,3.01,3.03,5.01,5.02,5.03,9.01",15-12B,"Juno Therapeutics, Inc.  (CIK 0001594864)",efts,87.00,8K_2.01,high
JWN,72333,2025-05-20,231,merger,high,M&A 2.01+3.01+5.01 (acquired by external acquirer),25-NSE,2025-05-21,"1.01,1.02,2.01,2.03,3.01,3.03,5.01,5.02,5.03,8.01,9.01",15-12G,NORDSTROM INC,name_search,24.25,8K_2.01,high
K,55067,2025-12-11,231,merger,high,M&A 2.01+3.01+5.01 (acquired by external acquirer),25-NSE,2025-12-11,"1.01,1.02,2.01,2.03,3.01,3.03,5.01,5.02,5.03,8.01,9.01",15-12G,KELLANOVA,name_search,83.50,8K_2.01,high
KATE,352363,2017-07-12,231,merger,high,M&A 2.01+3.01+5.01 (acquired by external acquirer),25-NSE,2017-07-12,"1.02,2.01,3.01,3.03,5.01,5.02,5.03,9.01",15-12B,Kate Spade & Co  (CIK 0000352363),efts,18.50,8K_2.01,high
KCI,831967,2012-11-12,570,compliance_failure,high,"Compliance failure (3.01 alone, no M&A indicators)",25-NSE,2011-11-08,3.01,15-12B,KINETIC CONCEPTS INC,name_search,,,
KING,1580732,2016-03-02,400,liquidation,medium,"Form 25 + Form 15, no merger 8-K: voluntary dereg / liquidation",25-NSE,2016-02-23,,15-12B,King Digital Entertainment plc  (CIK 0001580732),efts,,,
KLG,1959348,2023-10-02,304,exchange_transfer,medium,Continued 10-K/Q filings >180d after delist (moved to OTC or spun off),25-NSE,2025-09-26,,15-12G,,manual,,,
KSU,54480,2021-12-13,304,exchange_transfer,medium,Continued 10-K/Q filings >180d after delist (moved to OTC or spun off),25-NSE,2021-12-14,,15-12B,KANSAS CITY SOUTHERN,name_search,,,
KWK,1283699,2015-01-16,304,exchange_transfer,medium,Continued 10-K/Q filings >180d after delist (moved to OTC or spun off),25,2015-10-26,,15-12G,,manual,,,
LEAF,1365038,2021-06-14,231,merger,high,M&A 2.01+3.01+5.01 (acquired by external acquirer),25-NSE,2021-06-14,"2.01,3.01,3.03,5.01,5.02,5.03,8.01,9.01",15-12B,LEAF GROUP LTD.  (CIK 0001365038),efts,8.50,DEFM14A,medium
LEAP,1818346,2022-08-16,400,liquidation,medium,"Form 25 + Form 15, 8-K without M&A items: liquidation/voluntary dereg",25-NSE,2022-08-15,"8.01,9.01",15-12G,"Ribbit LEAP, Ltd.  (CIK 0001818346)",efts,,,
LEXEA,1669600,2019-07-26,231,merger,high,M&A 2.01+3.01+5.01 (acquired by external acquirer),25-NSE,2019-07-26,"2.01,3.01,3.03,5.01,5.02,5.03,5.07,7.01,9.01",15-12B,"Liberty Expedia Holdings, Inc.  (CIK 0001669600)",efts,,none,none
LGF-B,929351,2025-05-06,304,exchange_transfer,medium,Continued 10-K/Q filings >180d after delist (moved to OTC or spun off),25-NSE,2025-05-07,,15-12G,,manual,,,
LLTC,791907,2017-03-20,231,merger,high,M&A 2.01+3.01+5.01 (acquired by external acquirer),25-NSE,2017-03-10,"2.01,3.01,3.03,5.01,5.02,5.03,9.01",15-12G,LINEAR TECHNOLOGY CORP /CA/  (CIK 0000791907),efts,46.00,8K_2.01,high
LM,704051,2020-07-31,231,merger,high,M&A 2.01+3.01+5.01 (acquired by external acquirer),25-NSE,2020-08-03,"1.02,2.01,3.01,3.03,5.01,5.02,5.03,9.01",15-12B,"LEGG MASON, INC.",name_search,50.00,8K_2.01,high
LNKD,1271024,2016-12-16,231,merger,high,M&A 2.01+3.01+5.01 (acquired by external acquirer),25-NSE,2016-12-08,"1.01,2.01,2.04,3.01,3.03,5.01,5.02,5.03,9.01",15-12B,LINKEDIN CORP,name_search,196.00,DEFM14A,medium
LO,1424847,2015-06-22,231,merger,high,M&A 2.01+3.01+5.01 (acquired by external acquirer),25,2015-06-25,"1.02,2.01,3.01,3.03,5.01,5.02,8.01,9.01",15-12B,"LORILLARD, LLC",name_search,50.50,8K_2.01,high
LOGM,1420302,2020-08-31,231,merger,high,M&A 2.01+3.01+5.01 (acquired by external acquirer),25-NSE,2020-08-31,"1.01,1.02,2.01,3.01,3.03,5.01,5.02,5.03,9.01",15-12B,"LogMeIn, Inc.  (CIK 0001420302)",efts,86.05,8K_2.01,high
LPNT,1301611,2018-11-16,231,merger,high,M&A 2.01+3.01+5.01 (acquired by external acquirer),25-NSE,2018-11-16,"2.01,3.01,3.03,5.01,5.02,5.03,8.01,9.01",15-12G,"LIFEPOINT HEALTH, INC.  (CIK 0001301611)",efts,65.00,8K_2.01,high
LPT,921112,2020-02-03,231,merger,high,M&A 2.01+3.01+5.01 (acquired by external acquirer),25-NSE,2020-02-04,"2.01,3.01,3.03,5.01,5.02,9.01",15-12B,LIBERTY PROPERTY TRUST,name_search,,none,none
LSI,944314,2023-07-19,231,merger,high,M&A 2.01+3.01+5.01 (acquired by external acquirer),25-NSE,2023-07-20,"2.01,3.01,3.03,5.01,5.02,7.01,9.01",15-12G,"LIFE STORAGE, INC.",name_search,,none,none
LVGO,1639225,2020-10-30,231,merger,high,M&A 2.01+3.01+5.01 (acquired by external acquirer),25-NSE,2020-10-30,"1.01,1.02,2.01,3.01,3.03,5.01,5.02,5.03,9.01",15-12B,"Livongo Health, Inc.  (CIK 0001639225)",efts,4.24,8K_2.01,high
LVLT,794323,2017-11-01,304,exchange_transfer,medium,Continued 10-K/Q filings >180d after delist (moved to OTC or spun off),25-NSE,2017-11-01,,15-12B,"Level 3 Parent, LLC",name_search,,,
LVNTA,1355096,2018-03-12,304,exchange_transfer,medium,Continued 10-K/Q filings >180d after delist (moved to OTC or spun off),25-NSE,2018-03-09,,,"Liberty Interactive Corp  (QRTEA, QRTEB, QRTEP)  (CIK 0001355096)",efts,,,
LXK,1001288,2016-11-29,231,merger,high,M&A 2.01+3.01+5.01 (acquired by external acquirer),25-NSE,2016-11-29,"1.01,1.02,2.01,3.01,3.03,5.01,5.03,8.01,9.01",15-12B,LEXMARK INTERNATIONAL INC /KY/,name_search,40.50,8K_2.01,high
LYLT,1870997,2023-06-27,570,compliance_failure,high,"Compliance failure (3.01 alone, no M&A indicators)",25,2023-03-20,"3.01,3.03,8.01,9.01",15-12G,Loyalty Ventures Inc.  (CIK 0001870997),efts_frequency,,,
MCFE,1783317,2022-09-16,231,merger,high,M&A 2.01+3.01+5.01 (acquired by external acquirer),25-NSE,2022-03-01,"1.01,1.02,2.01,3.01,3.03,5.01,5.02,5.03,8.01,9.01",15-12B,McAfee Corp.,name_search,26.00,8K_1.01,medium
MCRS,320345,2014-09-08,231,merger,high,M&A 2.01+3.01+5.01 (acquired by external acquirer),25-NSE,2014-09-08,"2.01,3.01,3.02,3.03,5.01,5.02,5.03,9.01",15-12G,MICROS SYSTEMS INC  (CIK 0000320345),efts,68.00,8K_2.01,high
MCW,1853513,2026-05-19,200,merger,medium,M&A 2.01+3.01 (acquisition with delisting),25-NSE,2026-05-19,"1.01,1.02,2.01,2.03,3.01,3.03,5.02,5.03,7.01,9.01",,"Mister Car Wash, Inc.",company_tickers,,none,none
MDC,773141,2024-04-19,304,exchange_transfer,medium,Continued 10-K/Q filings >180d after delist (moved to OTC or spun off),25-NSE,2024-04-19,,15-12G,"M.D.C. HOLDINGS, INC.  (CIK 0000773141)",efts,,,
MDLA,1540184,2021-10-29,231,merger,high,M&A 2.01+3.01+5.01 (acquired by external acquirer),25-NSE,2021-10-29,"1.01,1.02,2.01,3.01,3.03,5.01,5.02,5.03",15-12B,"Medallia, Inc.",name_search,34.00,DEFM14A,medium
MDR,708819,2020-01-22,570,compliance_failure,high,"Compliance failure (3.01 alone, no M&A indicators)",25-NSE,2020-02-06,3.01,15-12B,MCDERMOTT INTERNATIONAL INC,name_search,,,
MDSO,1453814,2019-10-28,231,merger,high,M&A 2.01+3.01+5.01 (acquired by external acquirer),25-NSE,2019-10-28,"1.02,2.01,3.01,3.03,5.01,5.02,5.03,9.01",15-12B,"Medidata Solutions, Inc.  (CIK 0001453814)",efts,92.25,8K_2.01,high
MDVN,1011835,2016-09-29,231,merger,high,M&A 2.01+3.01+5.01 (acquired by external acquirer),25-NSE,2016-09-28,"1.02,2.01,3.01,3.03,5.01,5.02,5.03,9.01",15-12B,"MEDIVATION, INC.  (CIK 0001011835)",efts,81.50,8K_2.01,high
MER,65100,2008-12-31,304,exchange_transfer,medium,Continued 10-K/Q filings >180d after delist (moved to OTC or spun off),25-NSE,2009-01-05,,15-12B,,manual,,,
MFE,890801,2011-03-01,231,merger,high,M&A 2.01+3.01+5.01 (acquired by external acquirer),25-NSE,2011-03-01,"1.02,2.01,3.01,3.03,5.01,5.02,5.03,9.01",15-12B,McAfee Inc,name_search,48.00,8K_2.01,high
MGI,1273931,2023-06-01,231,merger,high,M&A 2.01+3.01+5.01 (acquired by external acquirer),25-NSE,2023-06-01,"1.02,2.01,3.01,3.03,5.01,5.02,5.03,8.01,9.01",15-12G,MONEYGRAM INTERNATIONAL INC  (CIK 0001273931),efts,11.00,8K_2.01,high
MHS,1170650,2013-04-10,570,compliance_failure,high,"Compliance failure (3.01 alone, no M&A indicators)",25,2012-04-17,"3.01,3.03,5.01,5.02,5.03,8.01,9.01",15-12B,MEDCO HEALTH SOLUTIONS INC,name_search,,,
MIC,1845290,2022-07-21,231,merger,high,M&A 2.01+3.01+5.01 (acquired by external acquirer),25-NSE,2022-07-22,"2.01,3.01,3.03,5.01,5.02,5.03,8.01,9.01",15-12G,"AMF Hawaii Investments, LLC",name_search,4.11,8K_2.01,high
MIK,1593936,2021-04-15,231,merger,high,M&A 2.01+3.01+5.01 (acquired by external acquirer),25-NSE,2021-04-15,"2.01,3.01,3.03,5.01,5.02,5.03,9.01",15-12B,"Michaels Companies, Inc.  (CIK 0001593936)",efts,22.00,8K_2.01,high
MIL,16859,2016-02-12,304,exchange_transfer,medium,Continued 10-K/Q filings >180d after delist (moved to OTC or spun off),25-NSE,2017-07-17,,,Scully Royalty Ltd.,name_search,,,
MJN,1452575,2017-07-14,231,merger,high,M&A 2.01+3.01+5.01 (acquired by external acquirer),25-NSE,2017-06-15,"1.01,1.02,2.01,3.01,3.03,5.01,5.02,5.03",15-12B,Mead Johnson Nutrition Co,name_search,90.00,8K_2.01,high
MNDT,1370880,2022-09-16,231,merger,high,M&A 2.01+3.01+5.01 (acquired by external acquirer),25-NSE,2022-09-12,"1.01,1.02,2.01,3.01,3.03,5.01,5.02,5.03,7.01,9.01",15-12G,"Mandiant, Inc.  (CIK 0001370880)",efts,23.00,8K_2.01,high
MNI,1056087,2020-02-13,304,exchange_transfer,medium,Continued 10-K/Q filings >180d after delist (moved to OTC or spun off),25-NSE,2020-02-21,,15-12B,,manual,,,
MON,1110783,2022-12-23,231,merger,high,M&A 2.01+3.01+5.01 (acquired by external acquirer),25-NSE,2018-06-07,"1.01,1.02,2.01,3.01,3.03,5.01,5.02,5.03,9.01",15-12B,,manual,,none,none
MRC,1439095,2025-11-05,231,merger,high,M&A 2.01+3.01+5.01 (acquired by external acquirer),25-NSE,2025-11-06,"1.02,2.01,3.01,3.03,5.01,5.02,5.03,9.01",15-12G,MRC GLOBAL INC.  (MRC)  (CIK 0001439095),efts,,none,none
MRD,1599222,2016-09-26,231,merger,high,M&A 2.01+3.01+5.01 (acquired by external acquirer),25-NSE,2016-09-16,"1.02,2.01,3.01,3.03,5.01,5.02,5.03,5.07,9.01",15-12B,Memorial Resource Development Corp.  (CIK 0001599222),efts,962.50,DEFM14A,medium
MRO,101778,2024-11-22,231,merger,high,M&A 2.01+3.01+5.01 (acquired by external acquirer),25-NSE,2024-11-22,"1.02,2.01,3.01,3.03,5.01,5.02,5.03,8.01,9.01",15-12G,MARATHON OIL CORP,name_search,,none,none
MSCC,310568,2018-05-29,231,merger,high,M&A 2.01+3.01+5.01 (acquired by external acquirer),25-NSE,2018-05-29,"1.02,2.01,3.01,3.03,5.01,5.02,5.03,8.01,9.01",15-12G,MICROSEMI CORP  (CIK 0000310568),efts,68.78,8K_2.01,high
MSGN,1469372,2021-07-09,231,merger,high,M&A 2.01+3.01+5.01 (acquired by external acquirer),25-NSE,2021-07-09,"2.01,3.01,3.03,5.01,5.02,5.03,5.07,9.01",15-12B,MSG NETWORKS INC.,name_search,,none,none
MSP,1724570,2022-06-23,231,merger,high,M&A 2.01+3.01+5.01 (acquired by external acquirer),25-NSE,2022-06-23,"1.01,1.02,2.01,2.03,3.01,3.03,5.01,5.02,5.03,9.01",15-12G,DATTO HOLDING CORP.  (CIK 0001724570),efts_frequency,,none,none
MXIM,743316,2021-09-01,231,merger,high,M&A 2.01+3.01+5.01 (acquired by external acquirer),25-NSE,2021-08-26,"2.01,3.01,3.03,5.01,5.02,5.03,9.01",15-12B,MAXIM INTEGRATED PRODUCTS INC,name_search,,none,none
NATI,935494,2023-10-11,231,merger,high,M&A 2.01+3.01+5.01 (acquired by external acquirer),25-NSE,2023-10-11,"1.02,2.01,3.01,3.03,5.01,5.02,5.03,9.01",15-12G,NATIONAL INSTRUMENTS CORP,name_search,60.00,8K_2.01,high
NAV,808450,2021-06-30,231,merger,high,M&A 2.01+3.01+5.01 (acquired by external acquirer),25-NSE,2021-07-01,"1.02,2.01,3.01,3.03,5.01,5.02,5.03,8.01,9.01",15-12B,NAVISTAR INTERNATIONAL CORP,name_search,44.50,8K_2.01,high
NBL,72207,2020-10-06,231,merger,high,M&A 2.01+3.01+5.01 (acquired by external acquirer),25-NSE,2020-10-05,"1.02,2.01,3.01,3.03,5.01,5.02,5.03,9.01",15-12B,NOBLE ENERGY INC  (CIK 0000072207),efts,,none,none
NEWR,1448056,2023-11-07,231,merger,high,M&A 2.01+3.01+5.01 (acquired by external acquirer),25-NSE,2023-11-08,"1.01,2.01,2.03,3.01,3.03,5.01,5.02,5.03,9.01",15-12G,"NEW RELIC, INC.",name_search,87.00,8K_2.01,high
NFS,,2010-01-08,600,expiration,high,"Non-equity security (asset_type='etf', name='graniteshares 2x short nflx daily etf')",,,,,,,,,
NFX,912750,2019-02-14,231,merger,high,M&A 2.01+3.01+5.01 (acquired by external acquirer),25-NSE,2019-02-14,"1.02,2.01,3.01,3.03,5.01,5.02,5.03,7.01,9.01",15-12B,NEWFIELD EXPLORATION CO /DE/,name_search,,none,none
NIHD,1037016,2020-08-03,200,merger,high,M&A 2.01+3.01 (acquisition with delisting),25,2019-12-30,"1.01,2.01,3.01,8.01,9.01",15-15D,NII HOLDINGS INC,name_search,,none,none
NLC,1298341,2012-12-10,231,merger,high,M&A 2.01+3.01+5.01 (acquired by external acquirer),25-NSE,2011-12-02,"2.01,3.01,3.03,5.01,5.02,5.03,9.01",15-12B,Nalco Holding CO,name_search,38.80,DEFM14A,medium
NLSN,1492633,2022-10-11,231,merger,high,M&A 2.01+3.01+5.01 (acquired by external acquirer),25-NSE,2022-10-12,"1.01,1.02,2.01,3.01,3.03,5.01,5.02,5.03,8.01,9.01",15-12G,Nielsen Holdings plc,name_search,28.00,8K_2.01,high
NMX,1105018,2009-08-28,231,merger,high,M&A 2.01+3.01+5.01 (acquired by external acquirer),25-NSE,2008-08-26,"2.01,3.01,3.03,5.01,5.02,5.03,9.01",15-12B,NYMEX HOLDINGS INC,name_search,,none,none
NRE,1646587,2019-10-07,231,merger,high,M&A 2.01+3.01+5.01 (acquired by external acquirer),25-NSE,2019-09-30,"1.02,2.01,3.01,3.03,5.01,5.02,8.01,9.01",15-12B,NorthStar Realty Europe Corp.,name_search,,none,none
NRF,1273801,2017-01-18,231,merger,high,M&A 2.01+3.01+5.01 (acquired by external acquirer),25-NSE,2017-01-11,"1.02,2.01,3.01,3.03,5.01,5.02,8.01,9.01",15-12B,NORTHSTAR REALTY FINANCE CORP.,name_search,10.25,DEFM14A,medium
NSR,813639,2022-08-15,400,liquidation,medium,"Form 25 + Form 15, no merger 8-K: voluntary dereg / liquidation",25-NSE,2022-08-16,,15-12G,Nomad Royalty Co Ltd.,name_search,,,
NTRI,1096376,2019-03-08,231,merger,high,M&A 2.01+3.01+5.01 (acquired by external acquirer),25-NSE,2019-03-08,"1.02,2.01,3.01,3.03,5.01,5.02,5.03,9.01",15-12G,NUTRI SYSTEM INC /DE/  (CIK 0001096376),efts,,none,none
NTY,70793,2010-09-30,304,exchange_transfer,medium,Continued 10-K/Q filings >180d after delist (moved to OTC or spun off),25-NSE,2010-10-01,,15-12B,NBTY INC,name_search,,,
NUAN,1002517,2022-03-04,231,merger,high,M&A 2.01+3.01+5.01 (acquired by external acquirer),25-NSE,2022-03-04,"1.01,1.02,2.01,2.04,3.01,3.03,5.01,5.02,5.03,8.01,9.01",15-12B,"Nuance Communications, Inc.  (CIK 0001002517)",efts,56.00,8K_2.01,high
NVLS,,2017-07-24,600,expiration,high,"Non-equity security (asset_type='etf', name='defiance nvda lightningspread(tm) income etf')",,,,,,,,,
OA,866121,2018-06-06,231,merger,high,M&A 2.01+3.01+5.01 (acquired by external acquirer),25-NSE,2018-06-07,"1.02,2.01,3.01,3.03,5.01,5.02,5.03,9.01",15-12B,"Northrop Grumman Innovation Systems, Inc.",name_search,134.50,8K_2.01,high
OB,1369817,2017-10-19,231,merger,high,M&A 2.01+3.01+5.01 (acquired by external acquirer),25-NSE,2017-09-28,"1.01,1.02,2.01,3.01,3.03,5.01,5.02,5.03,9.01",15-12B,"OneBeacon Insurance Group, Ltd.",name_search,18.10,8K_2.01,high
OCR,353230,2015-08-17,231,merger,high,M&A 2.01+3.01+5.01 (acquired by external acquirer),25-NSE,2015-08-18,"1.01,1.02,2.01,3.01,3.03,5.01,5.02,5.03,5.07",15-15D,,manual,98.00,8K_2.01,high
OMX,12978,2013-11-05,231,merger,high,M&A 2.01+3.01+5.01 (acquired by external acquirer),25-NSE,2013-11-06,"1.02,2.01,3.01,3.03,5.01,5.02,5.03,8.01,9.01",15-12B,MAPLEBY HOLDINGS MERGER Corp,name_search,,none,none
ONXX,1012140,2013-10-17,470,liquidation,high,3.01 + 2.04 (delisting with debt acceleration: distress/Ch.11 lead-in),25-NSE,2013-10-01,"1.01,2.04,3.01,3.03,5.01,5.02,5.03,9.01",15-12G,ONYX PHARMACEUTICALS INC  (CIK 0001012140),efts,,,
OSH,1564406,2023-05-02,231,merger,high,M&A 2.01+3.01+5.01 (acquired by external acquirer),25-NSE,2023-05-02,"1.01,1.02,2.01,3.01,3.03,5.01,5.02,5.03,8.01,9.01",15-12G,"Oak Street Health, Inc.",name_search,39.00,8K_1.01,medium
PACW,1102112,2023-11-30,231,merger,high,M&A 2.01+3.01+5.01 (acquired by external acquirer),25-NSE,2023-11-30,"2.01,3.01,3.03,5.01,5.02,5.03,8.01,9.01",15-12G,PACWEST BANCORP,name_search,,none,none
PAS,,2011-03-07,600,expiration,high,"Non-equity security (asset_type='etf', name='graniteshares 2x short panw daily etf')",,,,,,,,,
PBCT,1378946,2022-04-04,231,merger,high,M&A 2.01+3.01+5.01 (acquired by external acquirer),25-NSE,2022-04-04,"2.01,3.01,3.03,5.01,5.02,5.03,9.01",15-12B,"People's United Financial, Inc.  (CIK 0001378946)",efts_frequency,,none,none
PBG,1076405,2011-03-07,570,compliance_failure,high,"Compliance failure (3.01 alone, no M&A indicators)",25-NSE,2010-03-01,"3.01,3.03,5.01,5.02,9.01",15-12B,PEPSI BOTTLING GROUP INC,name_search,,,
PCP,79958,2016-02-08,231,merger,high,M&A 2.01+3.01+5.01 (acquired by external acquirer),25-NSE,2016-02-01,"2.01,3.01,3.03,5.01,5.02,5.03,9.01",15-12B,PRECISION CASTPARTS CORP,name_search,235.00,8K_2.01,high
PCYC,949699,2015-06-03,231,merger,high,M&A 2.01+3.01+5.01 (acquired by external acquirer),25-NSE,2015-05-26,"2.01,3.01,3.03,5.01,5.03,8.01,9.01",15-12G,PHARMACYCLICS INC  (CIK 0000949699),efts,261.25,8K_2.01,high
PDCE,77877,2023-09-05,231,merger,high,M&A 2.01+3.01+5.01 (acquired by external acquirer),25-NSE,2023-08-07,"1.02,2.01,3.01,3.03,5.01,5.02,5.03,8.01,9.01",15-12G,"PDC ENERGY, INC.  (CIK 0000077877)",efts,,none,none
PDCO,891024,2025-04-17,231,merger,high,M&A 2.01+3.01+5.01 (acquired by external acquirer),25-NSE,2025-04-17,"1.02,2.01,3.01,3.03,5.01,5.02,5.03,9.01",15-12G,"PATTERSON COMPANIES, INC.",name_search,31.35,8K_2.01,high
PDLI,882104,2022-01-18,570,compliance_failure,high,"Compliance failure (3.01 alone, no M&A indicators)",25,2020-12-28,"3.01,5.02,9.01",15-12G,"PDL BIOPHARMA, INC.",name_search,,,
PE,,2021-01-12,600,expiration,high,"Non-equity security (asset_type='etf', name='cambria buyout etf')",,,,,,,,,
PETM,863157,2015-03-11,231,merger,high,M&A 2.01+3.01+5.01 (acquired by external acquirer),25-NSE,2015-03-11,"2.01,3.01,3.03,5.01,5.02,5.03,9.01",15-12G,PETSMART INC  (CIK 0000863157),efts,83.00,8K_2.01,high
PF,1564822,2018-10-26,231,merger,high,M&A 2.01+3.01+5.01 (acquired by external acquirer),25-NSE,2018-10-26,"1.02,2.01,3.01,3.03,5.01,5.02,5.03,8.01,9.01",15-12B,PINNACLE FOODS INC.,name_search,,none,none
PFPT,1212458,2021-08-31,231,merger,high,M&A 2.01+3.01+5.01 (acquired by external acquirer),25-NSE,2021-08-31,"1.01,1.02,2.01,3.01,3.03,5.01,5.02,5.03,9.01",15-12B,PROOFPOINT INC,name_search,176.00,8K_2.01,high
PGN,1094093,2015-12-17,304,exchange_transfer,medium,Continued 10-K/Q filings >180d after delist (moved to OTC or spun off),25-NSE,2012-07-05,,,,manual,,,
PGRE,1605607,2025-12-18,231,merger,high,M&A 2.01+3.01+5.01 (acquired by external acquirer),25-NSE,2025-12-19,"2.01,3.01,3.03,5.01,5.02,5.03,9.01",15-12G,"Paramount Group, Inc.",name_search,6.60,8K_2.01,high
PINC,1577916,2025-11-25,231,merger,high,M&A 2.01+3.01+5.01 (acquired by external acquirer),25-NSE,2025-11-25,"1.02,2.01,3.01,3.03,5.01,5.02,5.03,7.01,9.01",15-12G,"Premier, Inc.  (PINC)  (CIK 0001577916)",efts,28.25,8K_2.01,high
PLAN,1540755,2022-06-22,231,merger,high,M&A 2.01+3.01+5.01 (acquired by external acquirer),25-NSE,2022-06-22,"2.01,3.01,3.03,5.01,5.02,5.03,8.01,9.01",15-12G,,manual,66.00,DEFM14A,medium
PLCM,1010552,2016-09-28,231,merger,high,M&A 2.01+3.01+5.01 (acquired by external acquirer),25-NSE,2016-09-27,"1.02,2.01,3.01,3.03,5.01,5.02,8.01,9.01",15-12G,POLYCOM INC  (CIK 0001010552),efts,12.50,8K_2.01,high
PLL,1728205,2025-08-29,231,merger,high,M&A 2.01+3.01+5.01 (acquired by external acquirer),25-NSE,2025-08-29,"2.01,3.01,3.03,5.01,5.02,5.03,8.01,9.01",15-12G,"Piedmont Lithium Inc.  (PLL, PLLTL)  (CIK 0001728205)",efts,,none,none
PMCS,767920,2016-01-25,231,merger,high,M&A 2.01+3.01+5.01 (acquired by external acquirer),25-NSE,2016-01-15,"1.02,2.01,3.01,3.03,5.01,5.02,5.03,9.01",15-12G,PMC SIERRA INC  (CIK 0000767920),efts,,none,none
PNRA,724606,2017-07-19,231,merger,high,M&A 2.01+3.01+5.01 (acquired by external acquirer),25-NSE,2017-07-18,"1.02,2.01,3.01,3.03,5.01,5.02,5.03,8.01,9.01",15-12G,PANERA BREAD CO  (CIK 0000724606),efts,315.00,8K_2.01,high
PNY,78460,2016-10-11,304,exchange_transfer,medium,Continued 10-K/Q filings >180d after delist (moved to OTC or spun off),25-NSE,2016-10-04,,,PIEDMONT NATURAL GAS CO INC,name_search,,,
PPD,1793294,2021-12-08,231,merger,high,M&A 2.01+3.01+5.01 (acquired by external acquirer),25-NSE,2021-12-08,"1.02,2.01,3.01,3.03,5.01,5.02,5.03,8.01,9.01",15-12B,"PPD, Inc.  (CIK 0001793294)",efts,47.50,8K_2.01,high
PPO,1292556,2015-08-26,231,merger,high,M&A 2.01+3.01+5.01 (acquired by external acquirer),25-NSE,2015-08-26,"1.02,2.01,3.01,3.03,5.01,5.02,5.03,8.01,9.01",15-12B,"Polypore International, Inc.",name_search,60.50,8K_2.01,high
PPP,1455886,2017-08-14,304,exchange_transfer,medium,Continued 10-K/Q filings >180d after delist (moved to OTC or spun off),25-NSE,2017-08-29,,15-12B,PRIMERO MINING CORP,name_search,,,
PPS,903127,2016-12-08,231,merger,high,M&A 2.01+3.01+5.01 (acquired by external acquirer),25-NSE,2016-12-01,"1.02,2.01,3.01,3.03,5.01,5.02,5.03,7.01,9.01",15-12B,POST PROPERTIES INC,name_search,,none,none
PRAH,1613859,2021-07-01,231,merger,high,M&A 2.01+3.01+5.01 (acquired by external acquirer),25-NSE,2021-07-01,"2.01,3.01,3.03,5.01,5.02,5.03,9.01",15-12B,"PRA Health Sciences, Inc.  (CIK 0001613859)",efts,80.00,8K_2.01,high
PTHN,1643848,2017-11-03,231,merger,high,M&A 2.01+3.01+5.01 (acquired by external acquirer),25,2017-09-01,"1.02,2.01,3.01,3.03,5.01,5.02,9.01",15-12B,Patheon N.V.,name_search,35.00,8K_1.01,medium
PX,884905,2018-10-30,231,merger,high,M&A 2.01+3.01+5.01 (acquired by external acquirer),25-NSE,2018-10-31,"2.01,3.01,3.03,5.01,5.02,5.03,9.01",15-12B,LINDE INC,name_search,,none,none
PXD,1038357,2024-05-03,231,merger,high,M&A 2.01+3.01+5.01 (acquired by external acquirer),25-NSE,2024-05-03,"1.01,1.02,2.01,3.01,3.03,5.01,5.02,5.03,5.04,9.01",15-12G,PIONEER NATURAL RESOURCES CO,name_search,,none,none
PXP,891456,2013-05-30,231,merger,high,M&A 2.01+3.01+5.01 (acquired by external acquirer),25-NSE,2013-05-31,"1.01,1.02,2.01,3.01,3.03,5.01,5.02,9.01",15-12B,PLAINS EXPLORATION &amp; PRODUCTION CO,name_search,,none,none
PYCR,1839439,2025-04-14,231,merger,high,M&A 2.01+3.01+5.01 (acquired by external acquirer),25-NSE,2025-04-14,"1.02,2.01,3.01,3.03,5.01,5.03,8.01,9.01",15-12G,"PAYCOR HCM, INC.",name_search,22.50,8K_2.01,high
QCOR,891288,2014-08-14,231,merger,high,M&A 2.01+3.01+5.01 (acquired by external acquirer),25-NSE,2014-08-14,"2.01,3.01,3.03,5.01,5.02,5.07,8.01,9.01",15-12B,QUESTCOR PHARMACEUTICALS INC  (CIK 0000891288),efts,30.00,8K_2.01,high
QEP,1108827,2021-03-18,231,merger,high,M&A 2.01+3.01+5.01 (acquired by external acquirer),25-NSE,2021-03-17,"1.02,2.01,3.01,3.03,5.01,5.02,5.03,9.01",15-12B,"QEP RESOURCES, INC.  (CIK 0001108827)",efts,,none,none
QLGC,918386,2016-08-24,231,merger,high,M&A 2.01+3.01+5.01 (acquired by external acquirer),25-NSE,2016-08-16,"1.02,2.01,3.01,3.03,5.01,5.02,5.03,9.01",15-12G,QLOGIC CORP  (CIK 0000918386),efts,,none,none
RAH,1029506,2013-01-29,231,merger,high,M&A 2.01+3.01+5.01 (acquired by external acquirer),25-NSE,2013-01-29,"1.02,2.01,3.01,3.03,5.01,5.02,5.03,5.07,9.01",15-12B,RALCORP HOLDINGS INC /MO,name_search,90.00,8K_2.01,high
RAI,1275283,2017-08-17,231,merger,high,M&A 2.01+3.01+5.01 (acquired by external acquirer),25-NSE,2017-07-25,"1.01,1.02,2.01,3.01,3.03,5.01,5.02,5.03,9.01",15-15D,,manual,29.44,8K_2.01,high
RAX,1107694,2016-11-11,231,merger,high,M&A 2.01+3.01+5.01 (acquired by external acquirer),25-NSE,2016-11-03,"2.01,3.01,3.03,5.01,5.02,5.03,5.07,8.01,9.01",15-12B,"RACKSPACE HOSTING, INC.",name_search,32.00,8K_2.01,high
RCPT,1463729,2015-08-27,231,merger,high,M&A 2.01+3.01+5.01 (acquired by external acquirer),25-NSE,2015-08-27,"2.01,3.01,3.03,5.01,5.02,5.03,9.01",15-12B,"Receptos, Inc.  (CIK 0001463729)",efts,232.00,8K_2.01,high
RDC,85408,2019-04-11,231,merger,high,M&A 2.01+3.01+5.01 (acquired by external acquirer),25-NSE,2019-04-11,"1.02,2.01,3.01,3.03,5.01,5.02,7.01,8.01,9.01",15-12B,ROWAN COMPANIES PLC,name_search,,none,none
RESP,,2024-01-26,600,expiration,high,"Non-equity security (asset_type='etf', name='wisdomtree u.s. esg fund')",,,,,,,,,
RETA,1358762,2023-09-26,231,merger,high,M&A 2.01+3.01+5.01 (acquired by external acquirer),25-NSE,2023-09-26,"1.02,2.01,3.01,3.03,5.01,5.02,5.03,9.01",15-12G,REATA PHARMACEUTICALS INC,name_search,172.50,8K_2.01,high
RHT,1087423,2019-07-08,231,merger,high,M&A 2.01+3.01+5.01 (acquired by external acquirer),25-NSE,2019-07-09,"2.01,3.01,3.03,5.01,5.02,5.03,7.01,9.01",15-12B,RED HAT INC,name_search,190.00,8K_2.01,high
RICE,1588238,2017-11-14,231,merger,high,M&A 2.01+3.01+5.01 (acquired by external acquirer),25-NSE,2017-11-13,"1.02,2.01,3.01,3.03,5.01,5.02,5.03,8.01,9.01",15-15D,,manual,,none,none
ROH,84792,2009-04-01,570,compliance_failure,high,"Compliance failure (3.01 alone, no M&A indicators)",25-NSE,2009-04-02,"1.01,3.01,3.03,5.01,5.03,8.01,9.01",15-12B,ROHM & HAAS CO  (CIK 0000084792),efts_frequency,,,
RP,1286225,2021-04-22,231,merger,high,M&A 2.01+3.01+5.01 (acquired by external acquirer),25-NSE,2021-04-22,"1.01,1.02,2.01,3.01,3.03,5.01,5.02,5.03,9.01",15-12B,"RealPage, Inc.",name_search,88.75,8K_2.01,high
RPAI,1222840,2021-10-22,231,merger,high,M&A 2.01+3.01+5.01 (acquired by external acquirer),25-NSE,2021-10-22,"2.01,3.01,3.03,5.01,5.02,5.03,8.01,9.01",15-12B,"RETAIL PROPERTIES OF AMERICA, INC.",name_search,,none,none
RRD,29669,2022-02-25,231,merger,high,M&A 2.01+3.01+5.01 (acquired by external acquirer),25-NSE,2022-02-28,"2.01,3.01,3.03,5.01,5.02,5.03,8.01,9.01",15-12B,RR Donnelley &amp; Sons Co,name_search,10.85,8K_2.01,high
RSH,96289,2015-02-02,570,compliance_failure,high,"Compliance failure (3.01 alone, no M&A indicators)",25-NSE,2015-03-20,3.01,15-12B,RS Legacy Corp,name_search,,,
RSPP,1588216,2018-07-19,231,merger,high,M&A 2.01+3.01+5.01 (acquired by external acquirer),25-NSE,2018-07-19,"1.02,2.01,3.01,3.03,5.01,5.02,5.03,9.01",15-12B,"RSP Permian, Inc.",name_search,,none,none
RVBD,1357326,2015-04-24,231,merger,high,M&A 2.01+3.01+5.01 (acquired by external acquirer),25-NSE,2015-04-24,"1.02,2.01,3.01,3.03,5.01,5.02,5.03,8.01,9.01",15-12B,"Riverbed Technology, Inc.  (CIK 0001357326)",efts,21.00,DEFM14A,medium
RYL,85974,2015-09-30,231,merger,high,M&A 2.01+3.01+5.01 (acquired by external acquirer),25-NSE,2015-10-01,"2.01,3.01,3.03,5.01,9.01",15-12B,RYLAND GROUP INC  (CIK 0000085974),efts_frequency,,none,none
SAF,1377936,2021-08-30,304,exchange_transfer,medium,Continued 10-K/Q filings >180d after delist (moved to OTC or spun off),25-NSE,2021-08-31,,,SARATOGA INVESTMENT CORP.,name_search,,,
SAGE,1597553,2025-07-31,231,merger,high,M&A 2.01+3.01+5.01 (acquired by external acquirer),25-NSE,2025-07-31,"2.01,3.01,3.03,5.01,5.02,5.03,9.01",15-12G,"Sage Therapeutics, Inc.  (SAGE)  (CIK 0001597553)",efts,8.50,8K_2.01,high
SAVE,1498710,2024-11-18,304,exchange_transfer,medium,Continued 10-K/Q filings >180d after delist (moved to OTC or spun off),25-NSE,2024-12-05,,15-15D,,manual,,,
SC,1580608,2022-01-28,200,merger,high,M&A 2.01+3.01 (acquisition with delisting),25-NSE,2022-01-31,"2.01,3.01,3.03,5.03,9.01",15-12B,Santander Consumer USA Holdings Inc.,name_search,41.50,8K_2.01,high
SCG,754737,2018-12-31,231,merger,high,M&A 2.01+3.01+5.01 (acquired by external acquirer),25-NSE,2019-01-02,"2.01,3.01,3.03,5.01,5.03,9.01",15-12B,SCANA CORP,name_search,,none,none
SCS,1050825,2025-12-09,231,merger,high,M&A 2.01+3.01+5.01 (acquired by external acquirer),25-NSE,2025-12-10,"1.02,2.01,3.01,3.03,5.01,5.02,5.03,8.01,9.01",15-12G,STEELCASE INC  (SCS)  (CIK 0001050825),efts_frequency,,none,none
SCTY,1408356,2016-11-29,231,merger,high,M&A 2.01+3.01+5.01 (acquired by external acquirer),25-NSE,2016-11-21,"1.01,2.01,3.01,3.03,5.01,5.02,5.03,8.01,9.01",15-12B,SOLARCITY CORP  (CIK 0001408356),efts,,none,none
SEE,1012100,2026-04-09,231,merger,high,M&A 2.01+3.01+5.01 (acquired by external acquirer),25-NSE,2026-04-09,"1.02,2.01,3.01,3.03,5.01,5.02,5.03,8.01,9.01",15-12G,,manual,42.15,8K_1.01,medium
SFG,1079577,2016-03-15,231,merger,high,M&A 2.01+3.01+5.01 (acquired by external acquirer),25-NSE,2016-03-08,"2.01,3.01,3.03,5.01,5.02,5.03,9.01",15-12B,STANCORP FINANCIAL GROUP INC,name_search,115.00,8K_2.01,high
SGFY,1828182,2023-04-03,231,merger,high,M&A 2.01+3.01+5.01 (acquired by external acquirer),25-NSE,2023-03-29,"1.02,2.01,3.01,3.03,5.01,5.02,5.03,9.01",15-12G,"Signify Health, Inc.",name_search,30.50,8K_2.01,high
SHAW,914024,2013-02-12,231,merger,high,M&A 2.01+3.01+5.01 (acquired by external acquirer),25-NSE,2013-02-13,"1.02,2.01,3.01,3.03,5.01,5.02",15-12B,SHAW GROUP INC  (CIK 0000914024),efts,41.00,8K_2.01,high
SHOS,1548309,2019-10-23,200,merger,high,M&A 2.01+3.01 (acquisition with delisting),25-NSE,2019-10-23,"1.02,2.01,3.01,3.03,5.02,5.03,9.01",15-12B,"Sears Hometown Stores, Inc.",name_search,3.21,8K_2.01,high
SIAL,90185,2015-11-18,400,liquidation,medium,"Form 25 + Form 15, 8-K without M&A items: liquidation/voluntary dereg",25-NSE,2015-11-18,"8.01,9.01",15-12G,SIGMA ALDRICH CORP  (CIK 0000090185),efts,,,
SIRO,1014507,2016-03-08,231,merger,high,M&A 2.01+3.01+5.01 (acquired by external acquirer),25-NSE,2016-02-29,"2.01,3.01,3.03,5.01,5.02,5.03,8.01,9.01",15-12G,"SIRONA DENTAL SYSTEMS, INC.  (CIK 0001014507)",efts,,none,none
SKS,812900,2013-11-12,231,merger,high,M&A 2.01+3.01+5.01 (acquired by external acquirer),25-NSE,2013-11-05,"2.01,3.01,3.03,5.01,5.02,5.03,8.01,9.01",15-12B,SAKS INC,name_search,16.00,8K_2.01,high
SKX,1065837,2025-09-12,231,merger,high,M&A 2.01+3.01+5.01 (acquired by external acquirer),25-NSE,2025-09-12,"1.01,2.01,2.03,3.01,3.02,3.03,5.01,5.02,5.03,8.01,9.01",15-12G,SKECHERS USA INC,name_search,63.00,8K_2.01,high
SLH,1324245,2016-03-11,231,merger,high,M&A 2.01+3.01+5.01 (acquired by external acquirer),25-NSE,2016-03-04,"1.01,2.01,2.03,3.01,3.03,5.01,5.02,5.03,9.01",15-12B,"SOLERA HOLDINGS, INC",name_search,55.85,8K_2.01,high
SLXP,1009356,2015-04-01,470,liquidation,high,3.01 + 2.04 (delisting with debt acceleration: distress/Ch.11 lead-in),25-NSE,2015-04-01,"1.01,1.02,2.04,3.01,3.03,5.01,5.02,5.03,9.01",15-12G,SALIX PHARMACEUTICALS LTD,name_search,,,
SMAR,1366561,2025-01-22,231,merger,medium,M&A 2.01+3.01+5.01 (acquired by external acquirer),25-NSE,2025-01-22,"1.01,2.01,3.01,3.03,5.01,5.02,5.03,8.01,9.01",,SMARTSHEET INC,name_search,56.50,8K_2.01,high
SNI,1430602,2018-03-16,231,merger,high,M&A 2.01+3.01+5.01 (acquired by external acquirer),25-NSE,2018-03-06,"1.02,2.01,3.01,3.03,5.01,5.02,5.03,9.01",15-12B,"Scripps Networks Interactive, Inc.  (CIK 0001430602)",efts,65.82,8K_2.01,high
SNV,18349,2025-12-31,231,merger,high,M&A 2.01+3.01+5.01 (acquired by external acquirer),25-NSE,2026-01-02,"2.01,3.01,3.03,5.01,5.02,5.03,8.01,9.01",15-15D,SYNOVUS FINANCIAL CORP,name_search,,none,none
SOV,811830,2009-01-29,304,exchange_transfer,medium,Continued 10-K/Q filings >180d after delist (moved to OTC or spun off),25-NSE,2009-02-02,,15-12B,"Santander Holdings USA, Inc.",name_search,,,
SPR,1364885,2025-12-05,231,merger,high,M&A 2.01+3.01+5.01 (acquired by external acquirer),25-NSE,2025-12-08,"1.01,1.02,2.01,3.01,3.03,5.01,5.02,5.03,7.01,9.01",15-12G,"Spirit AeroSystems Holdings, Inc.",name_search,,none,none
SPW,88205,2015-09-25,304,exchange_transfer,medium,Continued 10-K/Q filings >180d after delist (moved to OTC or spun off),25-NSE,2022-08-15,,15-12G,,manual,,,
SRC,1308606,2024-01-22,231,merger,high,M&A 2.01+3.01+5.01 (acquired by external acquirer),25-NSE,2024-01-23,"1.01,1.02,2.01,3.01,3.03,5.01,5.02,5.03,9.01",15-15D,"SPIRIT REALTY CAPITAL, INC.  (CIK 0001308606)",efts_frequency,25.00,DEFM14A,medium
SRCL,861878,2024-11-04,231,merger,high,M&A 2.01+3.01+5.01 (acquired by external acquirer),25-NSE,2024-11-04,"1.02,2.01,3.01,3.03,5.01,5.02,5.03,9.01",15-12G,STERICYCLE INC,name_search,62.00,8K_2.01,high
STAY,1581164,2021-06-16,231,merger,high,M&A 2.01+3.01+5.01 (acquired by external acquirer),25-NSE,2021-06-16,"1.02,2.01,3.01,3.03,5.01,5.02,8.01,9.01",15-12B,"Extended Stay America, Inc.  (CIK 0001581164)",efts,18.75,8K_2.01,high
STJ,203077,2017-01-18,231,merger,high,M&A 2.01+3.01+5.01 (acquired by external acquirer),25-NSE,2017-01-04,"1.01,1.02,2.01,3.01,3.03,5.01,5.03,9.01",15-12B,"ST JUDE MEDICAL, LLC",name_search,,none,none
STL,1070154,2022-01-31,231,merger,high,M&A 2.01+3.01+5.01 (acquired by external acquirer),25-NSE,2022-02-01,"2.01,3.01,3.03,5.01,5.02,5.03,8.01,9.01",15-15D,STERLING BANCORP  (CIK 0001070154),efts_frequency,,none,none
STOR,1538990,2023-02-03,304,exchange_transfer,medium,Continued 10-K/Q filings >180d after delist (moved to OTC or spun off),25-NSE,2023-02-03,,,STORE CAPITAL LLC,name_search,,,
STR,751652,2025-08-18,231,merger,high,M&A 2.01+3.01+5.01 (acquired by external acquirer),25-NSE,2016-09-19,"2.01,3.01,3.03,4.01,5.01,5.02,5.03,9.01",15-12B,,manual,,none,none
STRZA,1507934,2016-12-16,231,merger,high,M&A 2.01+3.01+5.01 (acquired by external acquirer),25-NSE,2016-12-08,"1.01,1.02,2.01,2.03,3.01,3.03,5.01,5.02,5.03",15-12B,Starz Acquisition LLC  (CIK 0001507934),efts,,none,none
SUG,203248,2013-04-03,304,exchange_transfer,medium,Continued 10-K/Q filings >180d after delist (moved to OTC or spun off),25-NSE,2012-03-27,,15-12B,SOUTHERN UNION CO,name_search,,,
SVU,95521,2018-12-14,231,merger,high,M&A 2.01+3.01+5.01 (acquired by external acquirer),25-NSE,2018-10-22,"1.02,2.01,3.01,3.03,5.01,5.02,5.03,8.01,9.01",15-12B,SUPERVALU INC,name_search,32.50,8K_2.01,high
SWAV,1642545,2024-05-31,231,merger,high,M&A 2.01+3.01+5.01 (acquired by external acquirer),25-NSE,2024-05-31,"1.01,1.02,2.01,2.04,3.01,3.03,5.01,5.02,5.03,7.01,9.01",15-12G,"Shockwave Medical, Inc.",name_search,335.00,DEFM14A,medium
SWCH,1710583,2022-12-05,231,merger,high,M&A 2.01+3.01+5.01 (acquired by external acquirer),25-NSE,2022-12-06,"1.01,1.02,2.01,2.03,3.01,3.03,5.01,5.02,5.03,8.01,9.01",15-12G,"Switch, Inc.  (CIK 0001710583)",efts_frequency,34.25,8K_2.01,high
SWI,1739942,2025-04-17,231,merger,high,M&A 2.01+3.01+5.01 (acquired by external acquirer),25-NSE,2025-04-16,"1.01,1.02,2.01,2.03,3.01,3.03,5.01,5.02,5.03,8.01,9.01",15-12G,SolarWinds Corp,name_search,18.50,8K_2.01,high
SWY,86144,2015-02-09,231,merger,high,M&A 2.01+3.01+5.01 (acquired by external acquirer),25-NSE,2015-01-30,"1.01,2.01,3.01,3.03,5.01,5.02,5.03,8.01,9.01",15-12B,SAFEWAY INC,name_search,34.92,8K_2.01,high
SYNH,1610950,2023-09-28,231,merger,high,M&A 2.01+3.01+5.01 (acquired by external acquirer),25-NSE,2023-09-28,"1.01,1.02,2.01,2.03,3.01,3.03,5.01,5.02,5.03,9.01",15-12G,"Syneos Health, Inc.",name_search,43.00,8K_2.01,high
TAHO,1510400,2019-03-18,400,liquidation,medium,"Form 25 + Form 15, no merger 8-K: voluntary dereg / liquidation",25-NSE,2019-02-22,,15-12B,TAHOE RESOURCES INC.,name_search,,,
TCF,19612,2021-06-09,233,merger,high,M&A 2.01+5.01 (subsidiary buyback / parent acquisition),25-NSE,2021-06-09,"2.01,3.03,5.01,5.02,5.03,8.01,9.01",15-12G,TCF FINANCIAL CORP  (CIK 0000019612),efts,,none,none
TCO,890319,2020-12-29,231,merger,high,M&A 2.01+3.01+5.01 (acquired by external acquirer),25-NSE,2020-12-29,"2.01,3.01,3.03,5.01,5.02,5.03,7.01,9.01",15-12B,TAUBMAN CENTERS INC,name_search,43.00,8K_2.01,high
TECD,790703,2020-06-30,200,merger,high,M&A 2.01+3.01 (acquisition with delisting),25-NSE,2020-06-30,"1.01,1.02,2.01,3.01,3.03,5.02,5.03,7.01,9.01",15-15D,TECH DATA CORP  (CIK 0000790703),efts,145.00,8K_2.01,high
TEG,916863,2015-06-29,400,liquidation,medium,"Form 25 + Form 15, 8-K without M&A items: liquidation/voluntary dereg",25-NSE,2015-06-30,8.01,15-12B,"INTEGRYS HOLDING, INC.",name_search,,,
TERP,1599947,2020-07-31,200,merger,high,M&A 2.01+3.01 (acquisition with delisting),25-NSE,2020-07-31,"1.01,1.02,2.01,3.01,3.03,5.02,5.03,9.01",15-12B,"TerraForm Power, Inc.  (CIK 0001599947)",efts,,none,none
TGI,1021162,2025-07-24,231,merger,high,M&A 2.01+3.01+5.01 (acquired by external acquirer),25-NSE,2025-07-25,"1.02,2.01,3.01,3.03,5.01,5.02,5.03,8.01,9.01",15-12G,TRIUMPH GROUP INC,name_search,26.00,8K_2.01,high
TGNA,39899,2026-03-20,231,merger,high,M&A 2.01+3.01+5.01 (acquired by external acquirer),25-NSE,2026-03-20,"1.01,2.01,3.01,3.03,5.01,5.02,5.03,9.01",15-15D,TEGNA INC,name_search,22.00,8K_2.01,high
THOR,350907,2020-01-23,231,merger,high,M&A 2.01+3.01+5.01 (acquired by external acquirer),25-NSE,2015-10-08,"1.02,2.01,3.01,3.03,5.01,5.02,5.03,5.07,9.01",15-12G,,manual,,none,none
THRX,1080014,2024-02-14,304,exchange_transfer,medium,Continued 10-K/Q filings >180d after delist (moved to OTC or spun off),,,,,,manual,,,
THS,1320695,2026-02-11,231,merger,high,M&A 2.01+3.01+5.01 (acquired by external acquirer),25-NSE,2026-02-11,"1.01,1.02,2.01,2.03,3.01,3.03,5.01,5.02,5.03,8.01,9.01",15-12G,"TreeHouse Foods, Inc.",name_search,22.50,8K_2.01,high
TIBX,1085280,2014-12-30,231,merger,high,M&A 2.01+3.01+5.01 (acquired by external acquirer),25-NSE,2014-12-05,"1.01,1.02,2.01,2.03,3.01,3.03,5.01,5.02,5.03",15-12G,TIBCO SOFTWARE INC  (CIK 0001085280),efts,24.00,DEFM14A,medium
TIE,1011657,2013-01-07,200,merger,high,M&A 2.01+3.01 (acquisition with delisting),25-NSE,2013-01-08,"2.01,3.01,3.03,5.02,9.01",15-12B,TITANIUM METALS CORP,name_search,16.50,8K_2.01,high
TIF,98246,2021-01-08,231,merger,high,M&A 2.01+3.01+5.01 (acquired by external acquirer),25-NSE,2021-01-07,"1.02,2.01,3.01,3.03,5.01,5.02,5.03,8.01,9.01",15-12B,TIFFANY &amp; CO,name_search,131.50,8K_2.01,high
TIN,731939,2017-02-03,231,merger,high,M&A 2.01+3.01+5.01 (acquired by external acquirer),25-NSE,2012-02-13,"2.01,3.01,3.03,5.01,5.02,5.03",15-12B,,manual,,none,none
TMUSR,,2020-07-28,600,expiration,high,"Non-equity security (asset_type='stock', name='tmobile us inc tradeable rights june 2020')",,,,,,,,,
TMX,1428875,2022-10-28,231,merger,high,M&A 2.01+3.01+5.01 (acquired by external acquirer),25-NSE,2022-10-12,"1.02,2.01,3.01,3.03,5.01,5.02,5.03,9.01",15-12G,TERMINIX GLOBAL HOLDINGS INC,name_search,34.57,8K_2.01,high
TRCO,726513,2019-09-27,231,merger,high,M&A 2.01+3.01+5.01 (acquired by external acquirer),25-NSE,2019-09-19,"1.01,1.02,2.01,2.03,3.01,3.03,5.01,5.02,9.01",15-15D,TRIBUNE MEDIA CO,name_search,46.50,8K_1.01,medium
TRH,862510,2012-03-05,231,merger,high,M&A 2.01+3.01+5.01 (acquired by external acquirer),25-NSE,2012-03-06,"2.01,3.01,3.03,5.01,5.02,9.01",15-12B,TRANSATLANTIC HOLDINGS INC,name_search,,none,none
TRW,1267097,2015-05-26,231,merger,high,M&A 2.01+3.01+5.01 (acquired by external acquirer),25-NSE,2015-05-15,"1.02,2.01,3.01,3.03,5.01,5.02,5.03,7.01,9.01",15-12B,ZF TRW AUTOMOTIVE HOLDINGS CORP,name_search,105.60,8K_2.01,high
TSP,1823593,2024-02-08,580,compliance_failure,high,"Compliance failure (3.01 alone, no M&A indicators) + NT 10-K/Q in prior year (delinquent filer 580)",25,2024-01-29,3.01,15-12G,TuSimple Holdings Inc.  (TSPH)  (CIK 0001823593),efts_frequency,,,
TSRO,1491576,2019-01-18,231,merger,high,M&A 2.01+3.01+5.01 (acquired by external acquirer),25-NSE,2019-01-22,"2.01,3.01,3.03,5.01,5.02,5.03,9.01",15-12B,"TESARO, Inc.  (CIK 0001491576)",efts,75.00,8K_2.01,high
TSS,,2019-09-17,600,expiration,high,"Non-equity security (asset_type='etf', name='graniteshares 1x short tsla daily etf')",,,,,,,,,
TWC,1377013,2016-05-26,231,merger,high,M&A 2.01+3.01+5.01 (acquired by external acquirer),25-NSE,2016-05-18,"1.02,2.01,3.01,3.03,5.01,5.02,5.03,9.01",15-12B,"SPECTRUM MANAGEMENT HOLDING COMPANY, LLC",name_search,115.00,8K_2.01,high
TWKS,1866550,2024-11-13,200,merger,high,M&A 2.01+3.01 (acquisition with delisting),25-NSE,2024-11-13,"2.01,3.01,3.03,5.02,5.03,7.01,9.01",15-12G,"Thoughtworks Holding, Inc.  (TWKS)  (CIK 0001866550)",efts,,none,none
TWTR,1418091,2022-10-28,231,merger,high,M&A 2.01+3.01+5.01 (acquired by external acquirer),25-NSE,2022-10-28,"1.01,1.02,2.01,3.01,3.03,5.01,5.02,5.03,8.01,9.01",15-12G,,manual,54.20,8K_2.01,high
TWX,1105705,2018-06-15,231,merger,high,M&A 2.01+3.01+5.01 (acquired by external acquirer),25-NSE,2018-06-15,"1.02,2.01,3.01,3.03,5.01,5.02,5.03,8.01,9.01",15-12B,,manual,,none,none
UAG,,2020-12-09,600,expiration,high,"Non-equity security (asset_type='etf', name='ubs ag jersey')",,,,,,,,,
UFS,1381531,2021-11-30,304,exchange_transfer,medium,Continued 10-K/Q filings >180d after delist (moved to OTC or spun off),25-NSE,2021-11-30,,15-12B,Domtar Corporation,name_search,,,
UMPQ,1077771,2023-03-01,231,merger,high,M&A 2.01+3.01+5.01 (acquired by external acquirer),25-NSE,2023-03-01,"2.01,3.01,3.03,5.01,5.02,5.03,8.01,9.01",15-12G,UMPQUA HOLDINGS CORP,name_search,,none,none
UNT,798949,2020-12-23,304,exchange_transfer,medium,Continued 10-K/Q filings >180d after delist (moved to OTC or spun off),25-NSE,2020-06-10,,15-12G,UNIT CORP,name_search,,,
UNVR,1494319,2023-07-31,231,merger,high,M&A 2.01+3.01+5.01 (acquired by external acquirer),25-NSE,2023-08-01,"1.02,2.01,3.01,3.03,5.01,5.02,5.03,8.01,9.01",15-12G,Univar Solutions Inc.,name_search,36.15,8K_2.01,high
URS,102379,2014-10-17,231,merger,high,M&A 2.01+3.01+5.01 (acquired by external acquirer),25-NSE,2014-10-20,"1.02,2.01,3.01,3.03,5.01,5.02,5.07",15-15D,URS CORP /NEW/  (CIK 0000102379),efts,,none,none
UTIW,1124827,2016-02-01,400,liquidation,medium,"Form 25 + Form 15, 8-K without M&A items: liquidation/voluntary dereg",25-NSE,2016-01-22,"1.01,2.01,9.01",15-12G,UTi WORLDWIDE INC  (CIK 0001124827),efts,,,
VAR,203527,2021-04-16,231,merger,high,M&A 2.01+3.01+5.01 (acquired by external acquirer),25-NSE,2021-04-15,"1.02,2.01,3.01,3.03,5.01,5.02,5.03,9.01",15-12B,VARIAN MEDICAL SYSTEMS INC,name_search,177.50,DEFM14A,medium
VER,1507385,2021-10-29,231,merger,high,M&A 2.01+3.01+5.01 (acquired by external acquirer),25-NSE,2021-11-01,"2.01,3.01,3.03,5.01,5.02,5.03,7.01,9.01",15-12B,"VEREIT, Inc.",name_search,,none,none
VMED,1270400,2013-06-24,400,liquidation,medium,"Form 25 + Form 15, 8-K without M&A items: liquidation/voluntary dereg",25-NSE,2011-01-05,"5.02,8.01,9.01",15-12G,VIRGIN MEDIA INC.  (CIK 0001270400),efts,,,
VMEO,1837686,2025-11-24,231,merger,high,M&A 2.01+3.01+5.01 (acquired by external acquirer),25-NSE,2025-11-24,"2.01,3.01,3.03,5.01,5.02,5.03,9.01",15-12G,"Vimeo, Inc.",name_search,7.85,8K_2.01,high
VMW,1124610,2023-11-22,231,merger,high,M&A 2.01+3.01+5.01 (acquired by external acquirer),25-NSE,2023-11-22,"1.02,2.01,3.01,3.03,5.01,5.02,5.03,9.01",15-12G,VMWARE LLC,name_search,142.50,8K_2.01,high
VNTV,1533932,2018-01-12,304,exchange_transfer,medium,Continued 10-K/Q filings >180d after delist (moved to OTC or spun off),25-NSE,2019-07-31,,15-12B,,manual,,,
VR,,2024-02-26,600,expiration,high,"Non-equity security (asset_type='etf', name='global x metaverse etf')",,,,,,,,,
VSM,1660690,2019-10-14,231,merger,high,M&A 2.01+3.01+5.01 (acquired by external acquirer),25-NSE,2019-10-07,"1.02,2.01,3.01,3.03,5.01,5.02,5.03,8.01,9.01",15-12B,"Versum Materials, Inc.",name_search,53.00,8K_2.01,high
VSTO,1616318,2024-11-27,470,liquidation,high,Bankruptcy (8-K item 1.03),25-NSE,2024-11-27,"1.01,1.03,2.01,3.01,3.03,5.01,5.02,5.03,8.01,9.01",15-12G,Vista Outdoor Inc.,name_search,,,
VVC,1096385,2019-02-26,231,merger,high,M&A 2.01+3.01+5.01 (acquired by external acquirer),25-NSE,2019-02-01,"2.01,3.01,3.03,5.01,5.02,5.03,8.01,9.01",15-12B,VECTREN CORP,name_search,72.00,8K_2.01,high
VWR,1412232,2017-11-21,231,merger,high,M&A 2.01+3.01+5.01 (acquired by external acquirer),25-NSE,2017-11-21,"2.01,3.01,3.03,5.01,5.02,5.03,7.01,8.01,9.01",15-12B,VWR Corp  (CIK 0001412232),efts,33.25,8K_2.01,high
WBA,1618921,2025-08-28,231,merger,high,M&A 2.01+3.01+5.01 (acquired by external acquirer),25-NSE,2025-08-28,"1.01,1.02,2.01,3.01,3.03,5.01,5.02,5.03,8.01,9.01",15-12G,"Walgreens Boots Alliance, Inc.  (WBA)  (CIK 0001618921)",efts,11.45,8K_2.01,high
WBC,1390844,2020-05-28,231,merger,high,M&A 2.01+3.01+5.01 (acquired by external acquirer),25-NSE,2020-05-29,"1.02,2.01,2.04,3.01,3.03,5.01,5.02,5.03,9.01",15-12B,WABCO Holdings Inc.,name_search,136.50,8K_2.01,high
WBMD,1326583,2017-09-18,231,merger,high,M&A 2.01+3.01+5.01 (acquired by external acquirer),25-NSE,2017-09-15,"1.01,2.01,2.04,3.01,3.03,5.01,5.02,5.03,9.01",15-12B,WebMD Health Corp.  (CIK 0001326583),efts,66.50,8K_2.01,high
WBT,1650962,2022-07-28,231,merger,high,M&A 2.01+3.01+5.01 (acquired by external acquirer),25-NSE,2022-07-29,"1.02,2.01,2.04,3.01,3.03,5.01,5.02,5.03,8.01,9.01",15-12G,"Welbilt, Inc.",name_search,24.00,8K_2.01,high
WCG,1279363,2020-01-23,231,merger,high,M&A 2.01+3.01+5.01 (acquired by external acquirer),25-NSE,2020-01-24,"1.01,1.02,2.01,3.01,3.03,5.01,5.02,5.03,9.01",15-12B,"WELLCARE HEALTH PLANS, INC.",name_search,120.00,8K_2.01,high
WCRX,1323854,2013-10-17,231,merger,high,M&A 2.01+3.01+5.01 (acquired by external acquirer),25-NSE,2013-09-30,"1.01,1.02,2.01,2.03,3.01,3.03,5.01,5.02,9.01",15-12G,Warner Chilcott plc  (CIK 0001323854),efts,1.05,DEFM14A,medium
WDR,1052100,2021-04-30,231,merger,high,M&A 2.01+3.01+5.01 (acquired by external acquirer),25-NSE,2021-05-03,"1.02,2.01,3.01,3.03,5.01,5.02,5.03,9.01",15-12B,WADDELL &amp; REED FINANCIAL INC,name_search,25.00,8K_2.01,high
WE,1813756,2024-06-11,580,compliance_failure,high,"Compliance failure (3.01 alone, no M&A indicators) + NT 10-K/Q in prior year (delinquent filer 580)",25-NSE,2023-11-22,3.01,15-12G,,manual,,,
WFM,865436,2017-08-29,231,merger,high,M&A 2.01+3.01+5.01 (acquired by external acquirer),25-NSE,2017-08-28,"1.02,2.01,3.01,3.03,5.01,5.02,5.03,5.07,9.01",15-12G,WHOLE FOODS MARKET INC,name_search,42.00,8K_2.01,high
WNR,1581908,2017-06-02,233,merger,high,M&A 2.01+5.01 (subsidiary buyback / parent acquisition),25-NSE,2017-10-30,"1.02,2.01,3.03,5.01,5.02,5.03,8.01,9.01",15-15D,Western Refining Inc,name_search,,none,none
WORK,1764925,2021-07-27,231,merger,high,M&A 2.01+3.01+5.01 (acquired by external acquirer),25-NSE,2021-07-21,"2.01,3.01,3.03,5.01,5.02,5.03,8.01,9.01",15-12B,"Slack Technologies, Inc.",name_search,,none,none
WP,1533932,2019-08-05,231,merger,high,M&A 2.01+3.01+5.01 (acquired by external acquirer),25-NSE,2019-07-31,"1.02,2.01,3.01,3.03,5.01,5.02,5.03,8.01,9.01",15-12B,"Worldpay, Inc.",name_search,11.00,8K_2.01,high
WPX,1518832,2021-01-14,231,merger,high,M&A 2.01+3.01+5.01 (acquired by external acquirer),25-NSE,2021-01-07,"1.02,2.01,3.01,5.01,5.02,7.01,9.01",15-12B,"WPX ENERGY, INC.  (CIK 0001518832)",efts,,none,none
WRI,828916,2021-08-03,231,merger,high,M&A 2.01+3.01+5.01 (acquired by external acquirer),25-NSE,2021-08-04,"2.01,3.01,3.03,5.01,5.02,5.07,7.01,9.01",15-12B,WEINGARTEN REALTY INVESTORS /TX/,name_search,,none,none
WWAV,1555365,2017-07-17,231,merger,high,M&A 2.01+3.01+5.01 (acquired by external acquirer),25-NSE,2017-04-12,"1.01,1.02,2.01,3.01,3.03,5.01,5.02,5.03,9.01",15-12B,WHITEWAVE FOODS Co,name_search,56.25,8K_2.01,high
WYN,1361658,2018-05-31,304,exchange_transfer,medium,Continued 10-K/Q filings >180d after delist (moved to OTC or spun off),,,,,,manual,,,
X,1163302,2025-06-18,231,merger,high,M&A 2.01+3.01+5.01 (acquired by external acquirer),25-NSE,2025-06-18,"1.01,2.01,2.04,3.01,3.03,5.01,5.03,9.01",15-12G,,manual,55.00,8K_2.01,high
XCO,316300,2017-12-26,304,exchange_transfer,medium,Continued 10-K/Q filings >180d after delist (moved to OTC or spun off),25-NSE,2018-01-10,,15-12B,EXCO RESOURCES INC,name_search,,,
XEC,1168054,2021-10-04,231,merger,high,M&A 2.01+3.01+5.01 (acquired by external acquirer),25-NSE,2021-10-01,"1.02,2.01,3.01,3.03,5.01,5.02,5.03,9.01",15-12B,CIMAREX ENERGY CO,name_search,,none,none
XL,875159,2018-09-13,231,merger,high,M&A 2.01+3.01+5.01 (acquired by external acquirer),25-NSE,2018-09-12,"2.01,3.01,3.03,5.01,5.02,5.03,8.01,9.01",15-12B,XL GROUP LTD  (CIK 0000875159),efts,57.60,8K_2.01,high
XLNX,743988,2022-02-14,231,merger,high,M&A 2.01+3.01+5.01 (acquired by external acquirer),25-NSE,2022-02-14,"2.01,3.01,3.03,5.01,5.02,5.03,8.01,9.01",15-12G,XILINX INC,name_search,,none,none
XLRN,1280600,2021-11-22,231,merger,high,M&A 2.01+3.01+5.01 (acquired by external acquirer),25-NSE,2021-11-22,"2.01,3.01,3.03,5.01,5.02,5.03,9.01",15-12B,ACCELERON PHARMA INC  (CIK 0001280600),efts,180.00,8K_2.01,high
XLS,1524471,2015-05-29,231,merger,high,M&A 2.01+3.01+5.01 (acquired by external acquirer),25-NSE,2015-05-29,"1.02,2.01,2.03,3.01,3.03,5.01,5.02,5.03,9.01",15-12B,,manual,,none,none
XOG,1655020,2021-11-24,231,merger,high,M&A 2.01+3.01+5.01 (acquired by external acquirer),25-NSE,2021-11-01,"1.01,1.02,2.01,3.01,3.03,5.01,5.02,7.01,9.01",15-12B,"Extraction Oil & Gas, Inc.  (CIK 0001655020)",efts,,none,none
XTO,868809,2013-02-07,570,compliance_failure,high,"Compliance failure (3.01 alone, no M&A indicators)",25-NSE,2010-06-28,"3.01,3.03,5.01,5.02,5.03,5.07,9.01",15-12B,,manual,,,
Y,775368,2022-10-28,231,merger,high,M&A 2.01+3.01+5.01 (acquired by external acquirer),25-NSE,2022-10-19,"1.02,2.01,3.01,3.03,5.01,5.02,5.03,9.01",15-12G,ALLEGHANY CORP /DE,name_search,848.02,8K_2.01,high
ZAYO,1608249,2020-03-11,231,merger,high,M&A 2.01+3.01+5.01 (acquired by external acquirer),25-NSE,2020-03-09,"1.01,1.02,2.01,3.01,3.03,5.01,5.02,5.03,8.01",15-12B,"Zayo Group Holdings, Inc.  (CIK 0001608249)",efts,35.00,8K_2.01,high
ZEN,1463172,2022-11-21,231,merger,high,M&A 2.01+3.01+5.01 (acquired by external acquirer),25-NSE,2022-11-22,"1.01,1.02,2.01,2.04,3.01,3.03,5.01,5.02,5.03,7.01,9.01",15-12G,"Zendesk, Inc.",name_search,77.50,8K_2.01,high
ZNGA,1439404,2022-09-08,231,merger,high,M&A 2.01+3.01+5.01 (acquired by external acquirer),25-NSE,2022-05-23,"1.01,1.02,2.01,2.04,3.01,3.03,5.01,5.02,5.03,9.01",15-12B,ZYNGA INC,name_search,,none,none
ZU,1478484,2015-09-30,231,merger,high,M&A 2.01+3.01+5.01 (acquired by external acquirer),25-NSE,2015-10-01,"1.02,2.01,3.01,3.03,5.01,5.02,5.03,8.01",15-12B,"zulily, inc.  (CIK 0001478484)",efts,,none,none
