ticker,our_bucket,our_code,our_reason,edgar_name,former_names,av_name,name_match,delist_form_present,verdict,note
AABA,liquidation,400,"Form 25 + Form 15, 8-K without M&A items: liquidation/voluntary dereg",ALTABA INC.,YAHOO INC,Altaba Inc,1/1,"25=Y,15=N",WEAK_no_form15,
AAN,merger,231,M&A 2.01+3.01+5.01 (acquired by external acquirer),"Aaron's Company, Inc.","Aaron's SpinCo, Inc.",Aarons Company Inc (The),0/1,"25=Y,15=Y",OK_recycled_ticker,AV name stale (ticker recycled); CIK has Form 25 within ±30d of observed
ABMD,merger,231,M&A 2.01+3.01+5.01 (acquired by external acquirer),ABIOMED INC,,Abiomed Inc,1/1,"25=Y,15=Y",OK,
ACAS,merger,231,"M&A 2.01+3.01+5.01 (acquired by external acquirer) (no Form 25 anchor, 8-K-only)","AMERICAN CAPITAL, LTD",AMERICAN CAPITAL STRATEGIES LTD,American Capital Ltd,2/2,"25=N,15=Y",OK,
ACC,merger,231,M&A 2.01+3.01+5.01 (acquired by external acquirer),AMERICAN CAMPUS COMMUNITIES INC,,American Campus Communities Inc,3/3,"25=Y,15=Y",OK,
ACF,exchange_transfer,304,Continued 10-K/Q filings >180d after delist (moved to OTC or spun off),"General Motors Financial Company, Inc.",AMERICREDIT CORP,AMERICREDIT CORP,1/1,"25=Y,15=N",OK,
ACS,liquidation,400,"Form 25 + Form 15, 8-K without M&A items: liquidation/voluntary dereg",AFFILIATED COMPUTER SERVICES INC,,AFFILIATED COMPUTER SERVICES INC,3/3,"25=Y,15=Y",OK,
AET,merger,231,M&A 2.01+3.01+5.01 (acquired by external acquirer),AETNA INC /PA/,AETNA U S HEALTHCARE INC,Aetna Inc,1/1,"25=Y,15=Y",OK,
AF,merger,231,M&A 2.01+3.01+5.01 (acquired by external acquirer),ASTORIA FINANCIAL CORP,,Astoria Financial Corp,2/2,"25=Y,15=Y",OK,
AFSI,merger,231,M&A 2.01+3.01+5.01 (acquired by external acquirer),"Amtrust Financial Services, Inc.",,Amtrust Financial Services Inc,3/3,"25=Y,15=Y",OK,
AGN,merger,231,M&A 2.01+3.01+5.01 (acquired by external acquirer),Allergan plc,Actavis plc; Actavis Ltd,Allergan Inc,1/1,"25=Y,15=Y",OK,
AGP,merger,231,M&A 2.01+3.01+5.01 (acquired by external acquirer),AMERIGROUP CORP,,Amerigroup Corp,1/1,"25=Y,15=Y",OK,
AH,exchange_transfer,304,Continued 10-K/Q filings >180d after delist (moved to OTC or spun off),R1 RCM Holdco Inc.,"R1 RCM INC.; Accretive Health, Inc.",,0/0,"25=Y,15=Y",OK,
AHL,liquidation,400,"Form 25 + Form 15, no merger 8-K: voluntary dereg / liquidation",ASPEN INSURANCE HOLDINGS LTD,,Aspen Insurance Holdings Ltd,2/2,"25=Y,15=Y",OK,
AIRC,merger,231,M&A 2.01+3.01+5.01 (acquired by external acquirer),Apartment Income REIT Corp.,"AIMCO-LP, Inc.",Apartment Income REIT Corp - Class A,3/4,"25=Y,15=Y",OK,
AKS,merger,231,M&A 2.01+3.01+5.01 (acquired by external acquirer),Cleveland-Cliffs Steel Holding Corp,AK STEEL HOLDING CORP,AK Steel Holding Corp,1/1,"25=Y,15=Y",OK,
ALD,expiration,600,"Non-equity security (asset_type='etf', name='wisdomtree asia local debt fund na')",,,WISDOMTREE ASIA LOCAL DEBT FUND NA,,,no_cik,
ALEX,merger,231,M&A 2.01+3.01+5.01 (acquired by external acquirer),"Alexander & Baldwin, Inc.","A & B II, Inc.",Alexander & Baldwin Inc,2/2,"25=Y,15=Y",OK,
ALR,merger,231,M&A 2.01+3.01+5.01 (acquired by external acquirer),ALERE INC.,INVERNESS MEDICAL INNOVATIONS INC,Alere Inc,1/1,"25=Y,15=Y",OK,
ALTR,merger,231,M&A 2.01+3.01+5.01 (acquired by external acquirer),Altair Engineering Inc.,,Altera Corp,0/1,"25=Y,15=Y",OK_recycled_ticker,AV name stale (ticker recycled); CIK has Form 25 within ±30d of observed
ALXN,merger,231,M&A 2.01+3.01+5.01 (acquired by external acquirer),"ALEXION PHARMACEUTICALS, INC.",ALEXION PHARMACEUTICALS INC,Alexion Pharmaceuticals Inc,2/2,"25=Y,15=Y",OK,
AMED,merger,231,M&A 2.01+3.01+5.01 (acquired by external acquirer),AMEDISYS INC,,Amedisys Inc,1/1,"25=Y,15=Y",OK,
AMSG,liquidation,400,"Form 25 + Form 15, 8-K without M&A items: liquidation/voluntary dereg",AMSURG CORP,,Amsurg Corp,1/1,"25=Y,15=Y",OK,
ANAT,merger,231,M&A 2.01+3.01+5.01 (acquired by external acquirer),American National Group Inc,,American National Group Inc,2/2,"25=Y,15=Y",OK,
ANN,merger,231,M&A 2.01+3.01+5.01 (acquired by external acquirer),ANN INC.,ANNTAYLOR STORES CORP; TAYLOR ANN STORES CORP,Ann Inc,0/0,"25=Y,15=Y",OK,
AOL,merger,231,M&A 2.01+3.01+5.01 (acquired by external acquirer),AOL Inc.,,AOL Inc,0/0,"25=Y,15=Y",OK,
APLS,merger,231,M&A 2.01+3.01+5.01 (acquired by external acquirer),"Apellis Pharmaceuticals, Inc.",,,0/0,"25=Y,15=Y",OK,
APOL,merger,231,M&A 2.01+3.01+5.01 (acquired by external acquirer),APOLLO EDUCATION GROUP INC,APOLLO GROUP INC,Apollo Education Group Inc,2/2,"25=Y,15=Y",OK,
ARG,merger,231,M&A 2.01+3.01+5.01 (acquired by external acquirer),AIRGAS INC,,Airgas Inc,1/1,"25=Y,15=Y",OK,
ARIA,merger,231,M&A 2.01+3.01+5.01 (acquired by external acquirer),ARIAD PHARMACEUTICALS INC,,Ariad Pharmaceuticals Inc,2/2,"25=Y,15=Y",OK,
ARNC,merger,231,M&A 2.01+3.01+5.01 (acquired by external acquirer),Arconic Corp,Arconic Rolled Products Corp,Arconic Corporation,1/1,"25=Y,15=Y",OK,
ARRS,merger,231,M&A 2.01+3.01+5.01 (acquired by external acquirer),ARRIS International plc,ARRIS International Ltd,ARRIS GROUP DL01,1/1,"25=Y,15=Y",OK,
ASBC,exchange_transfer,304,Continued 10-K/Q filings >180d after delist (moved to OTC or spun off),ASSOCIATED BANC-CORP,,Associated Banc Corp,2/2,"25=N,15=N",WEAK_no_delist_form,
AT,merger,231,M&A 2.01+3.01+5.01 (acquired by external acquirer),ATLANTIC POWER CORP,,Atlantic Power Corp,2/2,"25=Y,15=Y",OK,
ATH,exchange_transfer,304,Continued 10-K/Q filings >180d after delist (moved to OTC or spun off),Athene Holding Ltd.,Athene Holding Ltd,Athene Holding Ltd - Class A,1/2,"25=Y,15=N",OK,
ATHL,compliance_failure,570,"Compliance failure (3.01 alone, no M&A indicators)",Athlon Energy Inc.,,Athlon Energy Inc,2/2,"25=Y,15=Y",OK,
ATHN,merger,231,M&A 2.01+3.01+5.01 (acquired by external acquirer),ATHENAHEALTH INC,,athenahealth Inc,1/1,"25=Y,15=Y",OK,
ATML,merger,231,M&A 2.01+3.01+5.01 (acquired by external acquirer),ATMEL CORP,,Atmel Corp,1/1,"25=Y,15=Y",OK,
ATVI,merger,231,M&A 2.01+3.01+5.01 (acquired by external acquirer),"Activision Blizzard, Inc.",ACTIVISION INC /NY,Activision Blizzard Inc,2/2,"25=Y,15=Y",OK,
ATW,merger,231,M&A 2.01+3.01+5.01 (acquired by external acquirer),ATWOOD OCEANICS INC,,Atwood Oceanics Inc,2/2,"25=Y,15=Y",OK,
AVLR,merger,231,M&A 2.01+3.01+5.01 (acquired by external acquirer),"AVALARA, INC.",AVALARA INC,Avalara Inc,1/1,"25=Y,15=Y",OK,
AVP,exchange_transfer,304,Continued 10-K/Q filings >180d after delist (moved to OTC or spun off),AVON PRODUCTS INC,,Avon Products Inc,2/2,"25=Y,15=Y",OK,
AWH,merger,231,M&A 2.01+3.01+5.01 (acquired by external acquirer),"Allied World Assurance Co Holdings, GmbH","Allied World Assurance Co Holdings, AG; ALLIED WORLD ASSURANCE CO HOLDINGS LTD; ALLIED WORLD ASSURANCE HOLDINGS LTD",Allied World Assurance Company Holdings AG.,3/3,"25=Y,15=Y",OK,
AYE,compliance_failure,570,"Compliance failure (3.01 alone, no M&A indicators)","ALLEGHENY ENERGY, INC",ALLEGHENY ENERGY INC; ALLEGHENY POWER SYSTEM INC,ALLEGHENY ENERGY INC,2/2,"25=Y,15=Y",OK,
AYR,exchange_transfer,304,Continued 10-K/Q filings >180d after delist (moved to OTC or spun off),Aircastle LTD,,Aircastle LTD,1/1,"25=N,15=N",WEAK_no_delist_form,
AYX,merger,231,M&A 2.01+3.01+5.01 (acquired by external acquirer),"Alteryx, Inc.",,Alteryx Inc - Class A,1/2,"25=Y,15=Y",OK,
AZEK,merger,231,M&A 2.01+3.01+5.01 (acquired by external acquirer),AZEK Co Inc.,AZEK Co Inc.; CPG Newco LLC,AZEK Company Inc - Class A,1/2,"25=Y,15=Y",OK,
AZPN,merger,231,M&A 2.01+3.01+5.01 (acquired by external acquirer),"Aspen Technology, Inc.","Emersub CX, Inc.",Aspen Technology Inc,2/2,"25=Y,15=Y",OK,
BCR,compliance_failure,570,"Compliance failure (3.01 alone, no M&A indicators)",BARD C R INC /NJ/,,C.R. Bard Inc,1/1,"25=Y,15=Y",OK,
BEAV,merger,231,M&A 2.01+3.01+5.01 (acquired by external acquirer),B/E AEROSPACE INC,BE AEROSPACE INC,BE Aerospace Inc,1/1,"25=Y,15=Y",OK,
BERY,merger,231,M&A 2.01+3.01+5.01 (acquired by external acquirer),"BERRY GLOBAL GROUP, INC.",BERRY GLOBAL GROUP INC; BERRY PLASTICS GROUP INC,Berry Global Group Inc,2/2,"25=Y,15=Y",OK,
BFA,exchange_transfer,304,Continued 10-K/Q filings >180d after delist (moved to OTC or spun off),BROWN FORMAN CORP,,BrownForman Corp,2/2,"25=N,15=N",WEAK_no_delist_form,
BIVV,merger,231,M&A 2.01+3.01+5.01 (acquired by external acquirer),Bioverativ Inc.,,Bioverativ Inc,1/1,"25=Y,15=Y",OK,
BJS,merger,231,M&A 2.01+3.01+5.01 (acquired by external acquirer),BJ SERVICES CO LLC,BJ SERVICES CO,BJ SERVICES CO,1/1,"25=Y,15=Y",OK,
BKI,merger,231,M&A 2.01+3.01+5.01 (acquired by external acquirer),"Black Knight, Inc.","Black Knight Financial Services, Inc.",Black Knight Inc - Class A,2/3,"25=Y,15=Y",OK,
BKS,merger,231,M&A 2.01+3.01+5.01 (acquired by external acquirer),BARNES & NOBLE INC,,Barnes Noble Inc,2/2,"25=Y,15=Y",OK,
BLUE,merger,231,M&A 2.01+3.01+5.01 (acquired by external acquirer),"bluebird bio, Inc.",Genetix Pharmaceuticals Inc,Bluebird bio Inc,1/1,"25=Y,15=Y",OK,
BMS,merger,231,M&A 2.01+3.01+5.01 (acquired by external acquirer),"Amcor Flexibles North America, Inc.",BEMIS CO INC,Bemis Company Inc,1/1,"25=Y,15=Y",OK,
BPYU,compliance_failure,570,"Compliance failure (3.01 alone, no M&A indicators)",Brookfield Property REIT Inc.,"GGP Inc.; General Growth Properties, Inc.; New GGP, Inc.",Brookfield Property REIT Inc - Class A,3/4,"25=Y,15=Y",OK,
BRCD,merger,231,M&A 2.01+3.01+5.01 (acquired by external acquirer),BROCADE COMMUNICATIONS SYSTEMS INC,,Brocade Communications Systems Inc,3/3,"25=Y,15=Y",OK,
BRL,liquidation,400,"Form 25 + Form 15, 8-K without M&A items: liquidation/voluntary dereg",BARR PHARMACEUTICALS INC,BARR LABORATORIES INC,BARR PHARMACEUTICALS INC,2/2,"25=Y,15=Y",OK,
BWC,compliance_failure,580,"Compliance failure (3.01 alone, no M&A indicators) + NT 10-K/Q in prior year (delinquent filer 580)",Blue Whale Acquisition Corp I,,Babcock & Wilcox Company,0/2,"25=Y,15=Y",OK_recycled_ticker,AV name stale (ticker recycled); CIK has Form 25 within ±30d of observed
BXLT,merger,231,M&A 2.01+3.01+5.01 (acquired by external acquirer),Baxalta Inc,,Baxalta Inc,1/1,"25=Y,15=Y",OK,
BYI,merger,231,M&A 2.01+3.01+5.01 (acquired by external acquirer),"BALLY TECHNOLOGIES, INC.",ALLIANCE GAMING CORP,Bally Technologies Inc,2/2,"25=Y,15=Y",OK,
CAA,merger,231,M&A 2.01+3.01+5.01 (acquired by external acquirer),"CalAtlantic Group, LLC","CalAtlantic Group, Inc.; STANDARD PACIFIC CORP /DE/",CalAtlantic Group Inc,1/1,"25=Y,15=Y",OK,
CAB,merger,231,M&A 2.01+3.01+5.01 (acquired by external acquirer),CABELAS INC,,Cabelas Inc,1/1,"25=Y,15=Y",OK,
CAVM,merger,231,M&A 2.01+3.01+5.01 (acquired by external acquirer),"CAVIUM, INC.","CAVIUM NETWORKS, INC.; CAVIUM NETWORKS",Cavium Inc,1/1,"25=Y,15=Y",OK,
CBH,expiration,600,"Non-equity security (asset_type='etf', name='virtus convertible & income 2024 target term fund')",,,,,,no_cik,
CBI,merger,231,M&A 2.01+3.01+5.01 (acquired by external acquirer),CHICAGO BRIDGE & IRON CO N V,,Chicago Bridge Iron Company NV,3/3,"25=Y,15=Y",OK,
CBST,merger,231,M&A 2.01+3.01+5.01 (acquired by external acquirer),CUBIST PHARMACEUTICALS INC,,Cubist Pharmaceuticals Inc,2/2,"25=Y,15=Y",OK,
CCP,merger,231,M&A 2.01+3.01+5.01 (acquired by external acquirer),"Care Capital Properties, Inc.",,Care Capital Properties Inc,3/3,"25=Y,15=Y",OK,
CDK,merger,231,M&A 2.01+3.01+5.01 (acquired by external acquirer),"CDK Global, Inc.","CDK Global Holdings, LLC; Dealer Services Holdings LLC",CDK Global Inc,1/1,"25=Y,15=Y",OK,
CELG,merger,231,M&A 2.01+3.01+5.01 (acquired by external acquirer),CELGENE CORP /DE/,,Celgene Corp,1/1,"25=Y,15=Y",OK,
CEN,expiration,600,"Non-equity security (asset_type='etf', name='center coast brookfield mlp & energy infrastructure fund')",,,,,,no_cik,
CERE,merger,231,M&A 2.01+3.01+5.01 (acquired by external acquirer),"Cerevel Therapeutics Holdings, Inc.",ARYA Sciences Acquisition Corp II,Ceres Inc,0/1,"25=Y,15=Y",OK_recycled_ticker,AV name stale (ticker recycled); CIK has Form 25 within ±30d of observed
CERN,merger,231,M&A 2.01+3.01+5.01 (acquired by external acquirer),CERNER Corp,CERNER CORP /MO/,Cerner Corp,1/1,"25=Y,15=Y",OK,
CETV,merger,231,M&A 2.01+3.01+5.01 (acquired by external acquirer),CENTRAL EUROPEAN MEDIA ENTERPRISES LTD,,Central European Media Enterprises - Class A,4/5,"25=Y,15=Y",OK,
CFLT,merger,231,M&A 2.01+3.01+5.01 (acquired by external acquirer),"Confluent, Inc.",,Confluent Inc Class A,1/2,"25=Y,15=Y",OK,
CFN,merger,231,M&A 2.01+3.01+5.01 (acquired by external acquirer),CAREFUSION Corp,,CareFusion Corp,0/2,"25=Y,15=Y",OK_recycled_ticker,AV name stale (ticker recycled); CIK has Form 25 within ±30d of observed
CHAP,compliance_failure,580,"Compliance failure (3.01 alone, no M&A indicators) + NT 10-K/Q in prior year (delinquent filer 580)","Chaparral Energy, Inc.",,Chaparral Energy Inc - Class A,2/3,"25=Y,15=Y",OK,
CHNG,merger,231,M&A 2.01+3.01+5.01 (acquired by external acquirer),Change Healthcare Inc.,,Change Healthcare Inc,2/2,"25=Y,15=Y",OK,
CHS,merger,231,M&A 2.01+3.01+5.01 (acquired by external acquirer),"CHICO'S FAS, INC.",CHICOS FAS INC,Chico`s Fas Inc,1/1,"25=Y,15=Y",OK,
CHSI,merger,231,M&A 2.01+3.01+5.01 (acquired by external acquirer),"CATALYST HEALTH SOLUTIONS, INC.",HEALTHEXTRAS INC,Catalyst Health Solutions Inc,3/3,"25=Y,15=Y",OK,
CIE,liquidation,470,Bankruptcy (8-K item 1.03),"Cobalt International Energy, Inc.",,Cobalt International Energy Inc,2/2,"25=Y,15=Y",OK,
CIT,merger,231,M&A 2.01+3.01+5.01 (acquired by external acquirer),CIT GROUP INC,CIT GROUP INC DEL,CIT Group Inc,0/0,"25=Y,15=Y",OK,
CIVI,merger,231,M&A 2.01+3.01+5.01 (acquired by external acquirer),"CIVITAS RESOURCES, INC.","Bonanza Creek Energy, Inc.",Civitas Resources Inc New,2/2,"25=Y,15=Y",OK,
CKH,merger,231,M&A 2.01+3.01+5.01 (acquired by external acquirer),SEACOR HOLDINGS INC /NEW/,SEACOR SMIT INC; SEACOR HOLDINGS INC,SEACOR Holdings Inc,1/1,"25=Y,15=Y",OK,
CLGX,merger,231,M&A 2.01+3.01+5.01 (acquired by external acquirer),"CORELOGIC, INC.",FIRST AMERICAN CORP; FIRST AMERICAN FINANCIAL CORP,CoreLogic Inc,0/2,"25=Y,15=Y",OK_recycled_ticker,AV name stale (ticker recycled); CIK has Form 25 within ±30d of observed
CLP,merger,231,M&A 2.01+3.01+5.01 (acquired by external acquirer),COLONIAL PROPERTIES TRUST,,Colonial Properties Trust Inc,2/2,"25=Y,15=Y",OK,
CLWR,liquidation,400,"Form 25 + Form 15, 8-K without M&A items: liquidation/voluntary dereg",Clearwire Corp /DE,New Clearwire CORP,Clearwire Corp,1/1,"25=N,15=Y",OK,
CMA,merger,231,M&A 2.01+3.01+5.01 (acquired by external acquirer),COMERICA INC,COMERICA INC /NEW/,Comerica Inc,1/1,"25=Y,15=Y",OK,
CMD,merger,231,M&A 2.01+3.01+5.01 (acquired by external acquirer),CANTEL MEDICAL LLC,CANTEL MEDICAL CORP; CANTEL INDUSTRIES INC,Cantel Medical Corp,2/2,"25=Y,15=Y",OK,
CNQR,merger,231,M&A 2.01+3.01+5.01 (acquired by external acquirer),CONCUR TECHNOLOGIES INC,,Concur Technologies Inc,2/2,"25=Y,15=Y",OK,
CNW,merger,231,M&A 2.01+3.01+5.01 (acquired by external acquirer),Con-way Inc.,CNF INC; CNF TRANSPORTATION INC; CONSOLIDATED FREIGHTWAYS INC,Conway Inc,0/1,"25=Y,15=Y",OK_recycled_ticker,AV name stale (ticker recycled); CIK has Form 25 within ±30d of observed
COL,merger,231,M&A 2.01+3.01+5.01 (acquired by external acquirer),ROCKWELL COLLINS INC,NEW ROCKWELL COLLINS INC,Rockwell Collins Inc,2/2,"25=Y,15=Y",OK,
CONE,merger,231,M&A 2.01+3.01+5.01 (acquired by external acquirer),CyrusOne Holdco LLC,CyrusOne Inc.,CyrusOne Inc,1/1,"25=Y,15=Y",OK,
COOP,merger,231,M&A 2.01+3.01+5.01 (acquired by external acquirer),"Maverick Merger Sub 2, LLC","Mr. Cooper Group Inc.; WMIH CORP.; WMI HOLDINGS CORP.; WASHINGTON MUTUAL, INC; WASHINGTON MUTUAL INC",Mr. Cooper Group Inc,1/1,"25=Y,15=Y",OK,
COUP,merger,231,M&A 2.01+3.01+5.01 (acquired by external acquirer),Coupa Software Inc,,Couponscom Inc,0/1,"25=Y,15=Y",OK_recycled_ticker,AV name stale (ticker recycled); CIK has Form 25 within ±30d of observed
COV,merger,231,M&A 2.01+3.01+5.01 (acquired by external acquirer),Covidien plc,Covidien Ltd.; Tyco Healthcare Ltd.,Covidien plc,1/1,"25=Y,15=Y",OK,
CPGX,exchange_transfer,304,Continued 10-K/Q filings >180d after delist (moved to OTC or spun off),"Columbia Pipeline Group, Inc.",,Columbia Pipeline Group Inc,2/2,"25=Y,15=Y",OK,
CPN,exchange_transfer,304,Continued 10-K/Q filings >180d after delist (moved to OTC or spun off),CALPINE CORP,,Calpine Corp,1/1,"25=Y,15=Y",OK,
CSE,merger,231,M&A 2.01+3.01+5.01 (acquired by external acquirer),CAPITALSOURCE INC,,CapitalSource Inc,0/2,"25=Y,15=Y",OK_recycled_ticker,AV name stale (ticker recycled); CIK has Form 25 within ±30d of observed
CSRA,merger,231,M&A 2.01+3.01+5.01 (acquired by external acquirer),CSRA Inc.,Computer Sciences Government Services Inc.,CSRA Inc,1/1,"25=Y,15=Y",OK,
CST,merger,231,M&A 2.01+3.01+5.01 (acquired by external acquirer),"CST BRANDS, LLC","CST Brands, Inc.; CST BRANDS, INC.; CrossAmerica Partners LP; Corner Store Holdings, Inc.",CST Brands Inc,1/1,"25=Y,15=Y",OK,
CTCM,compliance_failure,580,"Compliance failure (3.01 alone, no M&A indicators) + NT 10-K/Q in prior year (delinquent filer 580)","CTC Media, Inc.",,CTC Media Inc,1/1,"25=Y,15=N",OK,
CTLT,merger,231,M&A 2.01+3.01+5.01 (acquired by external acquirer),"Catalent, Inc.",PTS Holdings Corp.,Catalent Inc,1/1,"25=Y,15=Y",OK,
CTRA,merger,231,M&A 2.01+3.01+5.01 (acquired by external acquirer),Coterra Energy Inc.,CABOT OIL & GAS CORP,Coterra Energy Inc,2/2,"25=Y,15=Y",OK,
CTRX,merger,231,M&A 2.01+3.01+5.01 (acquired by external acquirer),Catamaran Corp,SXC Health Solutions Corp.; SXC Health Solutions Inc.; Systems Xcellence Inc.,Catamaran Corp USA,1/1,"25=Y,15=Y",OK,
CTV,merger,231,M&A 2.01+3.01+5.01 (acquired by external acquirer),Innovid Corp.,ION Acquisition Corp 2 Ltd.,Innovid Corp,1/1,"25=Y,15=Y",OK,
CTX,expiration,600,"Non-equity security (asset_type='stock', name='qwest corporation 7.00 notes due 2052')",,,Qwest Corporation 7.00 Notes Due 2052,,,no_cik,
CTXS,merger,231,M&A 2.01+3.01+5.01 (acquired by external acquirer),CITRIX SYSTEMS INC,,Citrix Systems Inc,2/2,"25=Y,15=Y",OK,
CVA,merger,231,M&A 2.01+3.01+5.01 (acquired by external acquirer),COVANTA HOLDING CORP,DANIELSON HOLDING CORP,Covanta Holding Corporation,1/1,"25=Y,15=Y",OK,
CVC,merger,231,M&A 2.01+3.01+5.01 (acquired by external acquirer),CABLEVISION SYSTEMS CORP /NY,CABLEVISIONS SYSTEM CORP /NY; CSC PARENT CORP,Cablevision Systems Corp,2/2,"25=Y,15=Y",OK,
CVD,merger,231,M&A 2.01+3.01+5.01 (acquired by external acquirer),COVANCE INC,CORNING PHARMACEUTICAL SERVICES INC,Covance Inc,1/1,"25=Y,15=Y",OK,
CVET,merger,231,M&A 2.01+3.01+5.01 (acquired by external acquirer),"COVETRUS, INC.","HS Spinco, Inc.",Covetrus Inc,1/1,"25=Y,15=Y",OK,
CVG,merger,231,M&A 2.01+3.01+5.01 (acquired by external acquirer),CONCENTRIX CVG Corp,CONVERGYS CORP,Convergys Corp,1/1,"25=Y,15=Y",OK,
CVH,merger,231,M&A 2.01+3.01+5.01 (acquired by external acquirer),COVENTRY HEALTH CARE INC,,Coventry Health Care Inc,3/3,"25=Y,15=Y",OK,
CWENA,exchange_transfer,304,Continued 10-K/Q filings >180d after delist (moved to OTC or spun off),"Clearway Energy, Inc.","NRG Yield, Inc.; NRG Yieldco, Inc.",Clearway Energy Inc Class A,2/3,"25=Y,15=N",OK,
CXG,compliance_failure,570,"Compliance failure (3.01 alone, no M&A indicators)",CNX Gas Corp,,CNX Gas Corp,0/0,"25=Y,15=Y",OK,
CXO,merger,231,M&A 2.01+3.01+5.01 (acquired by external acquirer),CONCHO RESOURCES INC,CONCO RESOURCES INC,Concho Resources Inc,2/2,"25=Y,15=Y",OK,
CXP,merger,231,M&A 2.01+3.01+5.01 (acquired by external acquirer),"COLUMBIA PROPERTY TRUST, INC.",WELLS REAL ESTATE INVESTMENT TRUST II INC,Columbia Property Trust Inc,2/2,"25=Y,15=Y",OK,
CY,merger,231,M&A 2.01+3.01+5.01 (acquired by external acquirer),CYPRESS SEMICONDUCTOR CORP /DE/,,Cypress Semiconductor Corp,2/2,"25=Y,15=Y",OK,
CYT,merger,231,M&A 2.01+3.01+5.01 (acquired by external acquirer),CYTEC INDUSTRIES INC/DE/,,Cytec Industries Inc,2/2,"25=Y,15=Y",OK,
DATA,merger,231,M&A 2.01+3.01+5.01 (acquired by external acquirer),Tableau Software Inc,,Tableau Software Inc,2/2,"25=Y,15=Y",OK,
DAY,merger,231,M&A 2.01+3.01+5.01 (acquired by external acquirer),"Dayforce, Inc.",Ceridian HCM Holding Inc.,Dayforce Inc,1/1,"25=Y,15=Y",OK,
DCT,merger,231,M&A 2.01+3.01+5.01 (acquired by external acquirer),"DUCK CREEK TECHNOLOGIES, INC.",DUCK CREEK TECHNOLOGIES INC,DCT Industrial Trust Inc,0/1,"25=Y,15=Y",OK_recycled_ticker,AV name stale (ticker recycled); CIK has Form 25 within ±30d of observed
DFS,merger,231,M&A 2.01+3.01+5.01 (acquired by external acquirer),Discover Financial Services,,Discover Financial Services,3/3,"25=Y,15=Y",OK,
DFT,merger,231,M&A 2.01+3.01+5.01 (acquired by external acquirer),"DUPONT FABROS TECHNOLOGY, INC.",,DuPont Fabros Technology Inc,2/3,"25=Y,15=Y",OK,
DLPH,merger,231,M&A 2.01+3.01+5.01 (acquired by external acquirer),Delphi Technologies PLC,Delphi Jersey Holdings plc,Delphi Technologies PLC,2/2,"25=Y,15=Y",OK,
DNB,merger,231,M&A 2.01+3.01+5.01 (acquired by external acquirer),"Dun & Bradstreet Holdings, Inc.","Star Intermediate I, Inc.",Dun & Bradstreet Holdings Inc,1/1,"25=Y,15=Y",OK,
DNKN,merger,231,M&A 2.01+3.01+5.01 (acquired by external acquirer),"DUNKIN' BRANDS GROUP, INC.","DUNKIN' BRANDS GROUP HOLDINGS, INC.; DUNKIN BRANDS GROUP HOLDINGS, INC; DUNKIN BRANDS GROUP HOLDINGS INC",Dunkin Brands Group Inc,2/2,"25=Y,15=Y",OK,
DNR,exchange_transfer,304,Continued 10-K/Q filings >180d after delist (moved to OTC or spun off),DENBURY INC,DENBURY RESOURCES INC,Denbury Resources Inc,2/2,"25=Y,15=Y",OK,
DO,merger,231,M&A 2.01+3.01+5.01 (acquired by external acquirer),"DIAMOND OFFSHORE DRILLING, INC.",DIAMOND OFFSHORE DRILLING INC,Diamond Offshore Drilling Inc,3/3,"25=Y,15=Y",OK,
DPL,exchange_transfer,304,Continued 10-K/Q filings >180d after delist (moved to OTC or spun off),DPL LLC,DPL INC,DPL INC,0/0,"25=N,15=N",WEAK_no_delist_form,
DRC,merger,231,M&A 2.01+3.01+5.01 (acquired by external acquirer),Dresser-Rand Group Inc.,,DresserRand Group Inc,2/2,"25=Y,15=Y",OK,
DRE,merger,231,M&A 2.01+3.01+5.01 (acquired by external acquirer),DUKE REALTY CORP,DUKE WEEKS REALTY CORP; DUKE REALTY INVESTMENTS INC,Duke Realty Corp,2/2,"25=Y,15=Y",OK,
DSEY,merger,231,M&A 2.01+3.01+5.01 (acquired by external acquirer),"Diversey Holdings, Ltd.",,Diversey Holdings Ltd,1/1,"25=Y,15=Y",OK,
DST,merger,231,M&A 2.01+3.01+5.01 (acquired by external acquirer),DST SYSTEMS INC,,DST Systems Inc,1/1,"25=Y,15=Y",OK,
DWA,merger,231,M&A 2.01+3.01+5.01 (acquired by external acquirer),"DreamWorks Animation, LLC","DreamWorks Animation SKG, Inc.; DreamWorks Animation, Inc.",Dreamworks Animation Skg Inc,1/2,"25=Y,15=Y",OK,
EDS,compliance_failure,570,"Form 25 present, no 8-K within window (defaulting to exchange action)",Exceed Co Ltd.,"2020 ChinaCap Acquirco, Inc.",Exceed Company Ltd,1/1,"25=Y,15=N",WEAK_no_3_01,
EGL,merger,231,M&A 2.01+3.01+5.01 (acquired by external acquirer),"Engility Holdings, Inc.",,Engility Holdings Inc,1/1,"25=Y,15=Y",OK,
EGN,merger,231,M&A 2.01+3.01+5.01 (acquired by external acquirer),ENERGEN CORP,,Energen Corp,1/1,"25=Y,15=Y",OK,
EHAB,merger,231,M&A 2.01+3.01+5.01 (acquired by external acquirer),"Enhabit, Inc.","Encompass Health Home Health Holdings, Inc.",Enhabit Inc,1/1,"25=Y,15=Y",OK,
ENH,merger,231,M&A 2.01+3.01+5.01 (acquired by external acquirer),ENDURANCE SPECIALTY HOLDINGS LTD,,Endurance Specialty Holdings Ltd,2/2,"25=Y,15=Y",OK,
EQY,merger,231,M&A 2.01+3.01+5.01 (acquired by external acquirer),"EQUITY ONE, INC.",EQUITY ONE INC,Equity One Inc,1/1,"25=Y,15=Y",OK,
ESRX,merger,231,M&A 2.01+3.01+5.01 (acquired by external acquirer),Express Scripts Holding Co.,"Aristotle Holding, Inc.",Express Scripts Holding Company,2/2,"25=Y,15=Y",OK,
ETFC,merger,231,M&A 2.01+3.01+5.01 (acquired by external acquirer),E TRADE FINANCIAL CORP,E TRADE GROUP INC,E TRADE Financial Corp,2/2,"25=Y,15=Y",OK,
ETRN,merger,231,M&A 2.01+3.01+5.01 (acquired by external acquirer),Midstream Co LLC,Equitrans Midstream Corp,Equitrans Midstream Corporation,2/2,"25=Y,15=Y",OK,
EV,expiration,600,"Non-equity security (asset_type='etf', name='mast global battery recycling & production etf')",,,Mast Global Battery Recycling & Production ETF,,,no_cik,
EVA,exchange_transfer,304,Continued 10-K/Q filings >180d after delist (moved to OTC or spun off),"Enviva, LLC","Enviva Inc.; Enviva Partners, LP",Enviva Partners LP,1/1,"25=Y,15=Y",OK,
EVHC,liquidation,400,"Form 25 + Form 15, no merger 8-K: voluntary dereg / liquidation","Envision Healthcare Holdings, Inc.",,Envision Healthcare Holdings Inc,2/2,"25=Y,15=Y",OK,
EXAS,merger,231,M&A 2.01+3.01+5.01 (acquired by external acquirer),EXACT SCIENCES CORP,EXACT CORP,Exact Sciences Corp,2/2,"25=Y,15=Y",OK,
FCE-A,liquidation,400,"Form 25 + Form 15, no merger 8-K: voluntary dereg / liquidation",FOREST CITY ENTERPRISES INC,,Forest City Enterprises Inc. FCE.A,3/3,"25=Y,15=Y",OK,
FCS,merger,231,M&A 2.01+3.01+5.01 (acquired by external acquirer),FAIRCHILD SEMICONDUCTOR INTERNATIONAL INC,FSC SEMICONDUCTOR CORP,Fairchild Semiconductor Intl Inc,2/3,"25=Y,15=Y",OK,
FDC,merger,231,M&A 2.01+3.01+5.01 (acquired by external acquirer),FIRST DATA CORP,FIRST DATA CORPORATION,FIRST DATA CORP,2/2,"25=Y,15=Y",OK,
FDO,merger,231,M&A 2.01+3.01+5.01 (acquired by external acquirer),FAMILY DOLLAR STORES INC,,Family Dollar Stores Inc,3/3,"25=Y,15=Y",OK,
FEIC,merger,231,M&A 2.01+3.01+5.01 (acquired by external acquirer),FEI CO,,FEI Company,0/0,"25=Y,15=Y",OK,
FIT,merger,231,M&A 2.01+3.01+5.01 (acquired by external acquirer),"FITBIT, INC.",FITBIT INC,Fitbit Inc - Class A,1/2,"25=Y,15=Y",OK,
FLIR,merger,231,M&A 2.01+3.01+5.01 (acquired by external acquirer),"Teledyne FLIR, LLC",FLIR SYSTEMS INC,Flir Systems Inc,2/2,"25=Y,15=Y",OK,
FMD,merger,231,M&A 2.01+3.01+5.01 (acquired by external acquirer),FIRST MARBLEHEAD CORP,,The First Marblehead Corp,2/2,"25=Y,15=Y",OK,
FNFG,merger,231,M&A 2.01+3.01+5.01 (acquired by external acquirer),FIRST NIAGARA FINANCIAL GROUP INC,NIAGARA BANCORP INC,First Niagara Financial Group Inc,3/3,"25=Y,15=Y",OK,
FNFV,exchange_transfer,304,Continued 10-K/Q filings >180d after delist (moved to OTC or spun off),"Fidelity National Financial, Inc.","Fidelity National Title Group, Inc.",Fidelity National Financial Ventures,3/4,"25=N,15=N",WEAK_no_delist_form,
FPL,expiration,600,"Non-equity security (asset_type='etf', name='first trust new opportunities mlp & energy fund')",,,,,,no_cik,
FRX,merger,231,M&A 2.01+3.01+5.01 (acquired by external acquirer),"Forest Laboratories, LLC",Tango Merger Sub 2 LLC; FOREST LABORATORIES INC,Forest Laboratories Inc,2/2,"25=Y,15=Y",OK,
FSL,merger,231,M&A 2.01+3.01+5.01 (acquired by external acquirer),"Freescale Semiconductor, Ltd.","Freescale Semiconductor Holdings I, Ltd.",Freescale Semiconductor Ltd,2/2,"25=Y,15=Y",OK,
FST,liquidation,400,"Form 25 + Form 15, no merger 8-K: voluntary dereg / liquidation",FAST Acquisition Corp.,,FAST Acquisition Corp - Class A,2/3,"25=Y,15=Y",OK,
FTO,liquidation,470,3.01 + 2.04 (delisting with debt acceleration: distress/Ch.11 lead-in),FRONTIER OIL CORP /NEW/,WAINOCO OIL CORP,FRONTIER OIL CORP,1/1,"25=Y,15=Y",OK,
FWLT,compliance_failure,570,"Compliance failure (3.01 alone, no M&A indicators)",FOSTER WHEELER AG,FOSTER WHEELER LTD,Foster Wheeler AG,2/2,"25=Y,15=Y",OK,
FYBR,merger,231,M&A 2.01+3.01+5.01 (acquired by external acquirer),"Frontier Communications Parent, Inc.",FRONTIER COMMUNICATIONS CORP; CITIZENS COMMUNICATIONS CO; CITIZENS UTILITIES CO,Frontier Communications Parent Inc,3/3,"25=Y,15=Y",OK,
GAS,exchange_transfer,304,Continued 10-K/Q filings >180d after delist (moved to OTC or spun off),SOUTHERN CO GAS,AGL RESOURCES INC,AGL Resources Inc,1/1,"25=N,15=N",WEAK_no_delist_form,
GBT,merger,231,M&A 2.01+3.01+5.01 (acquired by external acquirer),"Global Blood Therapeutics, Inc.",,Global Blood Therapeutics Inc,3/3,"25=Y,15=Y",OK,
GCI,merger,231,M&A 2.01+3.01+5.01 (acquired by external acquirer),Gannett Media Corp.,"Gannett Co., Inc.; Gannett SpinCo, Inc.",Gannett Company Inc,1/1,"25=Y,15=Y",OK,
GES,merger,231,M&A 2.01+3.01+5.01 (acquired by external acquirer),GUESS INC,GUESS INC ET AL/CA/,Guess Inc,1/1,"25=Y,15=Y",OK,
GGP,exchange_transfer,304,Continued 10-K/Q filings >180d after delist (moved to OTC or spun off),Brookfield Property REIT Inc.,"GGP Inc.; General Growth Properties, Inc.; New GGP, Inc.",General Growth Properties Inc,3/3,"25=Y,15=Y",OK,
GMCR,merger,231,M&A 2.01+3.01+5.01 (acquired by external acquirer),"KEURIG GREEN MOUNTAIN, INC.",GREEN MOUNTAIN COFFEE ROASTERS INC; GREEN MOUNTAIN COFFEE INC,Green Mountain Coffee Roasters Inc,4/4,"25=Y,15=Y",OK,
GNC,compliance_failure,580,"Compliance failure (3.01 alone, no M&A indicators) + NT 10-K/Q in prior year (delinquent filer 580)","GNC HOLDINGS, INC.",GNC ACQUISITION HOLDINGS INC.,GNC Holdings Inc,0/0,"25=Y,15=Y",OK,
GRA,merger,231,M&A 2.01+3.01+5.01 (acquired by external acquirer),W R GRACE & CO,GRACE SPECIALTY CHEMICALS INC,W.R. Grace & Company,1/1,"25=Y,15=Y",OK,
GRUB,merger,231,M&A 2.01+3.01+5.01 (acquired by external acquirer),GrubHub Inc.,GrubHub Seamless Inc.,GrubHub Inc,1/1,"25=Y,15=Y",OK,
GSF,expiration,600,"Non-equity security (asset_type='stock', name='goldman sachs group inc. the 6.125 notes due 2060')",,,Goldman Sachs Group Inc. The 6.125 Notes due 2060,,,no_cik,
GTI,exchange_transfer,304,Continued 10-K/Q filings >180d after delist (moved to OTC or spun off),GRAFTECH INTERNATIONAL LTD,UCAR INTERNATIONAL INC,GrafTech International Ltd,0/2,"25=N,15=N",MISMATCH_name,AV name shares no tokens with EDGAR name
GWR,merger,231,M&A 2.01+3.01+5.01 (acquired by external acquirer),GENESEE & WYOMING INC,,Genesee Wyoming Inc,2/2,"25=Y,15=Y",OK,
GXP,compliance_failure,570,"Compliance failure (3.01 alone, no M&A indicators)",GREAT PLAINS ENERGY INC,,Great Plains Energy Inc,3/3,"25=Y,15=Y",OK,
HAR,merger,231,M&A 2.01+3.01+5.01 (acquired by external acquirer),HARMAN INTERNATIONAL INDUSTRIES INC /DE/,,Harman International Industries IncDE,2/2,"25=Y,15=Y",OK,
HCBK,merger,231,M&A 2.01+3.01+5.01 (acquired by external acquirer),HUDSON CITY BANCORP INC,,Hudson City Bancorp Inc,2/2,"25=Y,15=Y",OK,
HCP,merger,231,M&A 2.01+3.01+5.01 (acquired by external acquirer),"HashiCorp, Inc.",,HashiCorp Inc - Class A,1/2,"25=Y,15=Y",OK,
HCR,compliance_failure,570,"Compliance failure (3.01 alone, no M&A indicators)",Hi-Crush Inc.,Hi-Crush Partners LP,MANOR CARE INC,0/2,"25=Y,15=Y",OK_recycled_ticker,AV name stale (ticker recycled); CIK has Form 25 within ±30d of observed
HDS,merger,231,M&A 2.01+3.01+5.01 (acquired by external acquirer),"HD Supply Holdings, Inc.",,HD Supply Holdings Inc,1/1,"25=Y,15=Y",OK,
HES,merger,231,M&A 2.01+3.01+5.01 (acquired by external acquirer),HESS CORP,AMERADA HESS CORP,,0/0,"25=Y,15=Y",OK,
HLTH,compliance_failure,580,"Compliance failure (3.01 alone, no M&A indicators) + NT 10-K/Q in prior year (delinquent filer 580)",Nobilis Health Corp.,NORTHSTAR HEALTHCARE INC,Nobilis Health Corp,2/2,"25=Y,15=N",OK,
HMA,compliance_failure,580,"Compliance failure (3.01 alone, no M&A indicators) + NT 10-K/Q in prior year (delinquent filer 580)",Heartland Media Acquisition Corp.,,Health Management Associates Inc,0/3,"25=Y,15=Y",OK_recycled_ticker,AV name stale (ticker recycled); CIK has Form 25 within ±30d of observed
HNT,merger,231,M&A 2.01+3.01+5.01 (acquired by external acquirer),HEALTH NET INC,FOUNDATION HEALTH SYSTEMS INC; HEALTH SYSTEMS INTERNATIONAL INC,Health Net Inc,1/1,"25=Y,15=Y",OK,
HNZ,compliance_failure,570,"Compliance failure (3.01 alone, no M&A indicators)",Kraft Heinz Foods Co,HEINZ H J CO,H.J. Heinz Company,1/1,"25=Y,15=Y",OK,
HOLX,merger,231,M&A 2.01+3.01+5.01 (acquired by external acquirer),HOLOGIC INC,HOLOGIC INC,Hologic Inc,1/1,"25=Y,15=Y",OK,
HOT,expiration,600,"Non-equity security (asset_type='etf', name='defiance hot sauce daily 2x strategy etf')",,,DEFIANCE HOT SAUCE DAILY 2X STRATEGY ETF ,,,no_cik,
HRC,merger,231,M&A 2.01+3.01+5.01 (acquired by external acquirer),"Hill-Rom Holdings, Inc.",HILLENBRAND INDUSTRIES INC,Hill-Rom Holdings Inc,1/1,"25=Y,15=Y",OK,
HSH,merger,231,M&A 2.01+3.01+5.01 (acquired by external acquirer),Hillshire Brands Co,Sara Lee Corp; LEE SARA CORP,Hillshire Brands Company,2/2,"25=Y,15=Y",OK,
HSP,merger,231,M&A 2.01+3.01+5.01 (acquired by external acquirer),HOSPIRA INC,,Hospira Inc,1/1,"25=Y,15=Y",OK,
HTS,merger,231,M&A 2.01+3.01+5.01 (acquired by external acquirer),Hatteras Financial Corp,,Hatteras Financial Corp,2/2,"25=Y,15=Y",OK,
HTV,compliance_failure,570,"Compliance failure (3.01 alone, no M&A indicators)",HEARST TELEVISION INC.,HEARST ARGYLE TELEVISION INC; ARGYLE TELEVISION INC,HEARST ARGYLE TELEVISION INC,3/3,"25=Y,15=Y",OK,
HZNP,merger,231,M&A 2.01+3.01+5.01 (acquired by external acquirer),Horizon Therapeutics Public Ltd Co,"Horizon Pharma plc; HORIZON PHARMA, INC.",Horizon Therapeutics Plc,2/2,"25=Y,15=Y",OK,
IAA,merger,231,M&A 2.01+3.01+5.01 (acquired by external acquirer),"IAA, Inc.",IAA Spinco Inc.,IAA Inc,0/0,"25=Y,15=Y",OK,
IDTI,merger,231,M&A 2.01+3.01+5.01 (acquired by external acquirer),Renesas Electronics America Inc.,INTEGRATED DEVICE TECHNOLOGY INC,Integrated Device Technology Inc,3/3,"25=Y,15=Y",OK,
IFIN,exchange_transfer,304,Continued 10-K/Q filings >180d after delist (moved to OTC or spun off),Currenc Group Inc.,InFinT Acquisition Corp,Currenc Group Inc - Class A,1/2,"25=Y,15=N",OK,
IM,merger,231,M&A 2.01+3.01+5.01 (acquired by external acquirer),INGRAM MICRO INC,,Ingram Micro Inc,2/2,"25=Y,15=Y",OK,
IMCL,compliance_failure,573,SEC REVOKED registration filed 2019-04-10,Immunoclin Corp,"PHARMA INVESTING NEWS, INC.",ImmunoClin Corp,0/2,"25=N,15=N",MISMATCH_name,AV name shares no tokens with EDGAR name
IMMU,merger,231,M&A 2.01+3.01+5.01 (acquired by external acquirer),IMMUNOMEDICS INC,,Immunomedics Inc,1/1,"25=Y,15=Y",OK,
IMS,merger,200,M&A 2.01+3.01 (acquisition with delisting),"IMS Health Holdings, Inc.",,IMS Health Holdings Inc,1/1,"25=Y,15=Y",OK,
IPG,merger,231,M&A 2.01+3.01+5.01 (acquired by external acquirer),"INTERPUBLIC GROUP OF COMPANIES, INC.",INTERPUBLIC GROUP OF COMPANIES INC,Interpublic Group Of Cos. Inc,1/1,"25=Y,15=Y",OK,
IPHI,merger,231,M&A 2.01+3.01+5.01 (acquired by external acquirer),INPHI Corp,,Inphi Corp,1/1,"25=Y,15=Y",OK,
IRF,compliance_failure,570,"Compliance failure (3.01 alone, no M&A indicators)",INTERNATIONAL RECTIFIER CORP /DE/,,International Rectifier Corp,1/1,"25=Y,15=Y",OK,
ISCA,merger,231,M&A 2.01+3.01+5.01 (acquired by external acquirer),INTERNATIONAL SPEEDWAY CORP,,International Speedway Corp,1/1,"25=Y,15=Y",OK,
ISIL,merger,231,M&A 2.01+3.01+5.01 (acquired by external acquirer),INTERSIL CORP/DE,INTERSIL HOLDING CO,Intersil Corp,1/1,"25=Y,15=Y",OK,
ITC,exchange_transfer,304,Continued 10-K/Q filings >180d after delist (moved to OTC or spun off),ITC Holdings Corp.,,ITC Holdings Corp,0/0,"25=N,15=N",WEAK_no_delist_form,
ITCI,merger,231,M&A 2.01+3.01+5.01 (acquired by external acquirer),"Intra-Cellular Therapies, Inc.","Intra-Cellular Therapies, Inc.; Oneida Resources Corp.",Intra-Cellular Therapies Inc,3/3,"25=Y,15=Y",OK,
ITG,merger,231,M&A 2.01+3.01+5.01 (acquired by external acquirer),VIRTU ITG HOLDINGS LLC,"INVESTMENT TECHNOLOGY GROUP, INC.; INVESTMENT TECHNOLOGY GROUP INC",Investment Technology Group,2/2,"25=Y,15=Y",OK,
JAH,compliance_failure,570,"Compliance failure (3.01 alone, no M&A indicators)",JARDEN CORP,ALLTRISTA CORP,Jarden Corp,1/1,"25=Y,15=Y",OK,
JAMF,merger,231,M&A 2.01+3.01+5.01 (acquired by external acquirer),Jamf Holding Corp.,"JUNO TOPCO, INC.",Jamf Holding Corp,1/1,"25=Y,15=Y",OK,
JNPR,merger,231,M&A 2.01+3.01+5.01 (acquired by external acquirer),JUNIPER NETWORKS INC,JUNIPER NETWORKS INC,,0/0,"25=Y,15=Y",OK,
JNY,merger,231,M&A 2.01+3.01+5.01 (acquired by external acquirer),JONES GROUP INC,JONES APPAREL GROUP INC,The Jones Group Inc,1/1,"25=Y,15=Y",OK,
JOY,merger,231,M&A 2.01+3.01+5.01 (acquired by external acquirer),JOY GLOBAL INC,HARNISCHFEGER INDUSTRIES INC,Joy Global Inc,1/1,"25=Y,15=Y",OK,
JUNO,merger,231,M&A 2.01+3.01+5.01 (acquired by external acquirer),"Juno Therapeutics, Inc.",,Juno Therapeutics Inc,2/2,"25=Y,15=Y",OK,
JWN,merger,231,M&A 2.01+3.01+5.01 (acquired by external acquirer),NORDSTROM INC,,Nordstrom Inc,1/1,"25=Y,15=Y",OK,
K,merger,231,M&A 2.01+3.01+5.01 (acquired by external acquirer),KELLANOVA,KELLOGG CO,Kellanova,1/1,"25=Y,15=Y",OK,
KATE,merger,231,M&A 2.01+3.01+5.01 (acquired by external acquirer),Kate Spade & Co,"Fifth & Pacific Companies, Inc.; CLAIBORNE LIZ INC",Kate Spade & Company,2/2,"25=Y,15=Y",OK,
KCI,compliance_failure,570,"Compliance failure (3.01 alone, no M&A indicators)",KINETIC CONCEPTS INC,KINETIC CONCEPTS INC /TX/,KINETIC CONCEPTS INC,2/2,"25=Y,15=Y",OK,
KING,liquidation,400,"Form 25 + Form 15, no merger 8-K: voluntary dereg / liquidation",King Digital Entertainment plc,,King Resources Inc,1/2,"25=Y,15=Y",OK,
KLG,exchange_transfer,304,Continued 10-K/Q filings >180d after delist (moved to OTC or spun off),WK Kellogg Co,NORTH AMERICA CEREAL CO.,WK Kellogg Company,1/1,"25=Y,15=Y",OK,
KSU,exchange_transfer,304,Continued 10-K/Q filings >180d after delist (moved to OTC or spun off),KANSAS CITY SOUTHERN,KANSAS CITY SOUTHERN INDUSTRIES INC,Kansas City Southern,3/3,"25=Y,15=Y",OK,
KWK,exchange_transfer,304,Continued 10-K/Q filings >180d after delist (moved to OTC or spun off),"T-Mobile US, Inc.",METROPCS COMMUNICATIONS INC,,0/0,"25=N,15=N",WEAK_no_delist_form,
LEAF,merger,231,M&A 2.01+3.01+5.01 (acquired by external acquirer),LEAF GROUP LTD.,DEMAND MEDIA INC.; Demand Media Inc,Leaf Group Ltd,1/1,"25=Y,15=Y",OK,
LEAP,liquidation,400,"Form 25 + Form 15, 8-K without M&A items: liquidation/voluntary dereg","Ribbit LEAP, Ltd.",,Ribbit LEAP Ltd - Class A,2/3,"25=Y,15=Y",OK,
LEXEA,merger,231,M&A 2.01+3.01+5.01 (acquired by external acquirer),"Liberty Expedia Holdings, Inc.",,Liberty Expedia Holdings Inc Series A Common Stock When Issued,2/7,"25=Y,15=Y",OK,
LGF-B,exchange_transfer,304,Continued 10-K/Q filings >180d after delist (moved to OTC or spun off),STARZ ENTERTAINMENT CORP /CN/,LIONS GATE ENTERTAINMENT CORP /CN/,,0/0,"25=Y,15=Y",OK,
LLTC,merger,231,M&A 2.01+3.01+5.01 (acquired by external acquirer),LINEAR TECHNOLOGY CORP /CA/,,Linear Technology Corp,2/2,"25=Y,15=Y",OK,
LM,merger,231,M&A 2.01+3.01+5.01 (acquired by external acquirer),"LEGG MASON, INC.",LEGG MASON INC,Legg Mason Inc,2/2,"25=Y,15=Y",OK,
LNKD,merger,231,M&A 2.01+3.01+5.01 (acquired by external acquirer),LINKEDIN CORP,LINKEDIN LTD,LinkedIn Corp,0/1,"25=Y,15=Y",OK_recycled_ticker,AV name stale (ticker recycled); CIK has Form 25 within ±30d of observed
LO,merger,231,M&A 2.01+3.01+5.01 (acquired by external acquirer),"LORILLARD, LLC","LORILLARD, INC.",Lorillard Inc,1/1,"25=Y,15=Y",OK,
LOGM,merger,231,M&A 2.01+3.01+5.01 (acquired by external acquirer),"LogMeIn, Inc.",,LogMeIn Inc,0/0,"25=Y,15=Y",OK,
LPNT,merger,231,M&A 2.01+3.01+5.01 (acquired by external acquirer),"LEGACY LIFEPOINT HEALTH, INC.","LIFEPOINT HEALTH, INC.; LIFEPOINT HOSPITALS, INC.; Lakers Holding Corp.",Lifepoint Hospitals Inc,2/2,"25=Y,15=Y",OK,
LPT,merger,231,M&A 2.01+3.01+5.01 (acquired by external acquirer),LIBERTY PROPERTY TRUST,,Liberty Property Trust,2/2,"25=Y,15=Y",OK,
LSI,merger,231,M&A 2.01+3.01+5.01 (acquired by external acquirer),"LIFE STORAGE, INC.",SOVRAN SELF STORAGE INC,Life Storage Inc,2/2,"25=Y,15=Y",OK,
LVGO,merger,231,M&A 2.01+3.01+5.01 (acquired by external acquirer),"Livongo Health, Inc.",,Livongo Health Inc,2/2,"25=Y,15=Y",OK,
LVLT,exchange_transfer,304,Continued 10-K/Q filings >180d after delist (moved to OTC or spun off),"Level 3 Parent, LLC",LEVEL 3 COMMUNICATIONS INC; KIEWIT PETER SONS INC,Level 3 Communications Inc,2/2,"25=N,15=N",WEAK_no_delist_form,
LVNTA,exchange_transfer,304,Continued 10-K/Q filings >180d after delist (moved to OTC or spun off),"QVC Group, Inc.","Qurate Retail, Inc.; Liberty Interactive Corp; LIBERTY MEDIA CORP; Liberty Media Holding CORP",Liberty Interactive Ventures group,2/3,"25=Y,15=N",OK,
LXK,merger,231,M&A 2.01+3.01+5.01 (acquired by external acquirer),LEXMARK INTERNATIONAL INC /KY/,LEXMARK INTERNATIONAL GROUP INC,Lexmark International Inc,1/1,"25=Y,15=Y",OK,
LYLT,compliance_failure,570,"Compliance failure (3.01 alone, no M&A indicators)",Loyalty Ventures Inc.,,,0/0,"25=Y,15=Y",OK,
MCFE,merger,231,M&A 2.01+3.01+5.01 (acquired by external acquirer),McAfee Corp.,Greenseer Holdings Corp.,McAfee Corp - Class A,1/2,"25=Y,15=Y",OK,
MCRS,merger,231,M&A 2.01+3.01+5.01 (acquired by external acquirer),MICROS SYSTEMS INC,,MICROS Systems Inc,2/2,"25=Y,15=Y",OK,
MCW,merger,200,M&A 2.01+3.01 (acquisition with delisting),"Mister Car Wash, Inc.",,,0/0,"25=Y,15=N",OK,
MDC,exchange_transfer,304,Continued 10-K/Q filings >180d after delist (moved to OTC or spun off),"SEKISUI HOUSE U.S., INC.","M.D.C. HOLDINGS, INC.; MDC HOLDINGS INC",M.D.C. Holdings Inc,0/0,"25=Y,15=Y",OK,
MDLA,merger,231,M&A 2.01+3.01+5.01 (acquired by external acquirer),"Medallia, Inc.",Medallia Inc.,Medallia Inc,1/1,"25=Y,15=Y",OK,
MDR,compliance_failure,570,"Compliance failure (3.01 alone, no M&A indicators)",MCDERMOTT INTERNATIONAL INC,,McDermott International,0/1,"25=Y,15=Y",OK_recycled_ticker,AV name stale (ticker recycled); CIK has Form 25 within ±30d of observed
MDSO,merger,231,M&A 2.01+3.01+5.01 (acquired by external acquirer),"Medidata Solutions, Inc.",,Medidata Solutions Inc,2/2,"25=Y,15=Y",OK,
MDVN,merger,231,M&A 2.01+3.01+5.01 (acquired by external acquirer),"MEDIVATION, INC.",ORION ACQUISITION CORP II,Medivation Inc,1/1,"25=Y,15=Y",OK,
MER,exchange_transfer,304,Continued 10-K/Q filings >180d after delist (moved to OTC or spun off),"MERRILL LYNCH & CO., INC.",MERRILL LYNCH & CO INC,MERRILL LYNCH CO INC,2/2,"25=Y,15=N",OK,
MFE,merger,231,M&A 2.01+3.01+5.01 (acquired by external acquirer),"McAfee, Inc.",NETWORKS ASSOCIATES INC/; NETWORK ASSOCIATES INC; MCAFEE ASSOCIATES INC,McAfee Inc,1/1,"25=Y,15=Y",OK,
MGI,merger,231,M&A 2.01+3.01+5.01 (acquired by external acquirer),MONEYGRAM INTERNATIONAL INC,,,0/0,"25=Y,15=Y",OK,
MHS,compliance_failure,570,"Compliance failure (3.01 alone, no M&A indicators)",MEDCO HEALTH SOLUTIONS INC,MERCK MEDCO MANAGED CARE LLC,MEDCO HEALTH SOLUTIONS INC,3/3,"25=Y,15=Y",OK,
MIC,merger,231,M&A 2.01+3.01+5.01 (acquired by external acquirer),"AMF Hawaii Investments, LLC","Macquarie Infrastructure Holdings, LLC",Macquarie Infrastructure Holdings LLC,2/2,"25=Y,15=Y",OK,
MIK,merger,231,M&A 2.01+3.01+5.01 (acquired by external acquirer),"Michaels Companies, Inc.",,Michaels Companies Inc,2/2,"25=Y,15=Y",OK,
MIL,exchange_transfer,304,Continued 10-K/Q filings >180d after delist (moved to OTC or spun off),Scully Royalty Ltd.,MFC BANCORP LTD.; MFC Industrial Ltd.; TERRA NOVA ROYALTY Corp; KHD HUMBOLDT WEDAG INTERNATIONAL LTD.; MFC BANCORP LTD; ARBATAX INTERNATIONAL INC,MFC Industrial Ltd,1/1,"25=Y,15=N",OK,
MJN,merger,231,M&A 2.01+3.01+5.01 (acquired by external acquirer),Mead Johnson Nutrition Co,,Mead Johnson Nutrition CO,3/3,"25=Y,15=Y",OK,
MNDT,merger,231,M&A 2.01+3.01+5.01 (acquired by external acquirer),"Mandiant, Inc.","FireEye, Inc.; FireEye Inc",Mandiant Inc,1/1,"25=Y,15=Y",OK,
MNI,exchange_transfer,304,Continued 10-K/Q filings >180d after delist (moved to OTC or spun off),MCCLATCHY CO,MNI NEWCO INC,The McClatchy Company,0/1,"25=Y,15=Y",OK_recycled_ticker,AV name stale (ticker recycled); CIK has Form 25 within ±30d of observed
MON,merger,231,M&A 2.01+3.01+5.01 (acquired by external acquirer),MONSANTO CO /NEW/,,Monsanto Company,1/1,"25=Y,15=Y",OK,
MRC,merger,231,M&A 2.01+3.01+5.01 (acquired by external acquirer),MRC GLOBAL INC.,MCJUNKIN RED MAN HOLDING CORP,MRC Global Inc,1/1,"25=Y,15=Y",OK,
MRD,merger,231,M&A 2.01+3.01+5.01 (acquired by external acquirer),"Range Resources - Louisiana, Inc.",Memorial Resource Development Corp.,Memorial Resource Development Corp,3/3,"25=Y,15=Y",OK,
MRO,merger,231,M&A 2.01+3.01+5.01 (acquired by external acquirer),MARATHON OIL CORP,USX CORP,Marathon Oil Corporation,1/1,"25=Y,15=Y",OK,
MSCC,merger,231,M&A 2.01+3.01+5.01 (acquired by external acquirer),MICROSEMI CORP,,Microsemi Corp,1/1,"25=Y,15=Y",OK,
MSGN,merger,231,M&A 2.01+3.01+5.01 (acquired by external acquirer),MSG NETWORKS INC.,"Madison Square Garden Co; Madison Square Garden, Inc.",MSG Networks Inc - Class A,1/2,"25=Y,15=Y",OK,
MSP,merger,231,M&A 2.01+3.01+5.01 (acquired by external acquirer),DATTO HOLDING CORP.,"MERRITT TOPCO, INC.",Madison Strategic Sector Premium Fund,0/4,"25=Y,15=Y",OK_recycled_ticker,AV name stale (ticker recycled); CIK has Form 25 within ±30d of observed
MXIM,merger,231,M&A 2.01+3.01+5.01 (acquired by external acquirer),MAXIM INTEGRATED PRODUCTS INC,,Maxim Integrated Products Inc,3/3,"25=Y,15=Y",OK,
NATI,merger,231,M&A 2.01+3.01+5.01 (acquired by external acquirer),NATIONAL INSTRUMENTS CORP,NATIONAL INSTRUMENTS CORP /DE/,National Instruments Corp,2/2,"25=Y,15=Y",OK,
NAV,merger,231,M&A 2.01+3.01+5.01 (acquired by external acquirer),NAVISTAR INTERNATIONAL CORP,INTERNATIONAL TRUCK & ENGINE CORP; NAVISTAR INTERNATIONAL CORP /DE/NEW,Navistar International Corp,1/1,"25=Y,15=Y",OK,
NBL,merger,231,M&A 2.01+3.01+5.01 (acquired by external acquirer),NOBLE ENERGY INC,NOBLE AFFILIATES INC,Noble Energy Inc,2/2,"25=Y,15=Y",OK,
NEWR,merger,231,M&A 2.01+3.01+5.01 (acquired by external acquirer),"NEW RELIC, INC.",NEW RELIC INC,New Relic Inc,1/1,"25=Y,15=Y",OK,
NFS,expiration,600,"Non-equity security (asset_type='etf', name='graniteshares 2x short nflx daily etf')",,,GRANITESHARES 2X SHORT NFLX DAILY ETF ,,,no_cik,
NFX,merger,231,M&A 2.01+3.01+5.01 (acquired by external acquirer),NEWFIELD EXPLORATION CO /DE/,,Newfield Exploration Company,2/2,"25=Y,15=Y",OK,
NIHD,merger,200,M&A 2.01+3.01 (acquisition with delisting),NII HOLDINGS INC,NEXTEL INTERNATIONAL INC; MCCAW INTERNATIONAL LTD,NII Holdings Inc,0/0,"25=Y,15=Y",OK,
NLC,merger,231,M&A 2.01+3.01+5.01 (acquired by external acquirer),Nalco Holding CO,,Nalco Holding CO,1/1,"25=Y,15=Y",OK,
NLSN,merger,231,M&A 2.01+3.01+5.01 (acquired by external acquirer),Nielsen Holdings plc,Nielsen N.V.; Nielsen Holdings N.V.; Nielsen Holdings B.V.,Nielsen Holdings plc,1/1,"25=Y,15=Y",OK,
NMX,merger,231,M&A 2.01+3.01+5.01 (acquired by external acquirer),NYMEX HOLDINGS INC,,NYMEX HOLDINGS INC,1/1,"25=Y,15=Y",OK,
NRE,merger,231,M&A 2.01+3.01+5.01 (acquired by external acquirer),NorthStar Realty Europe Corp.,,Northstar Realty Europe Corp,2/3,"25=Y,15=Y",OK,
NRF,merger,231,M&A 2.01+3.01+5.01 (acquired by external acquirer),NORTHSTAR REALTY FINANCE CORP.,NORTHSTAR REALTY,NorthStar Realty Finance Corp,2/4,"25=Y,15=Y",OK,
NSR,liquidation,400,"Form 25 + Form 15, no merger 8-K: voluntary dereg / liquidation",Nomad Royalty Co Ltd.,"CORAL GOLD RESOURCES, LTD.; CORAL GOLD CORP",Nomad Royalty Company Ltd,2/2,"25=Y,15=Y",OK,
NTRI,merger,231,M&A 2.01+3.01+5.01 (acquired by external acquirer),NUTRI SYSTEM INC /DE/,NUTRISYSTEM COM INC,NutriSystem Inc,2/2,"25=Y,15=Y",OK,
NTY,exchange_transfer,304,Continued 10-K/Q filings >180d after delist (moved to OTC or spun off),NBTY INC,NATURES BOUNTY INC,NBTY INC,1/1,"25=N,15=Y",OK,
NUAN,merger,231,M&A 2.01+3.01+5.01 (acquired by external acquirer),"Nuance Communications, Inc.",SCANSOFT INC; VISIONEER INC,Nuance Communications Inc,2/2,"25=Y,15=Y",OK,
NVLS,expiration,600,"Non-equity security (asset_type='etf', name='defiance nvda lightningspread(tm) income etf')",,,DEFIANCE NVDA LIGHTNINGSPREAD(TM) INCOME ETF ,,,no_cik,
OA,merger,231,M&A 2.01+3.01+5.01 (acquired by external acquirer),"Northrop Grumman Innovation Systems, Inc.","ORBITAL ATK, INC.; ALLIANT TECHSYSTEMS INC",Orbital ATK Inc,1/1,"25=Y,15=Y",OK,
OB,merger,231,M&A 2.01+3.01+5.01 (acquired by external acquirer),"OneBeacon Insurance Group, Ltd.",,OneBeacon Insurance Group Ltd,2/2,"25=Y,15=Y",OK,
OCR,merger,231,M&A 2.01+3.01+5.01 (acquired by external acquirer),OMNICARE INC,,Omnicare Inc,1/1,"25=Y,15=Y",OK,
OMX,merger,231,M&A 2.01+3.01+5.01 (acquired by external acquirer),MAPLEBY HOLDINGS MERGER Corp,OFFICEMAX INC; BOISE CASCADE CORP,OFFICEMAX INC,1/1,"25=Y,15=Y",OK,
ONXX,liquidation,470,3.01 + 2.04 (delisting with debt acceleration: distress/Ch.11 lead-in),ONYX PHARMACEUTICALS INC,,Onyx Pharmaceuticals Inc,2/2,"25=Y,15=Y",OK,
OSH,merger,231,M&A 2.01+3.01+5.01 (acquired by external acquirer),"Oak Street Health, Inc.","Oak Street Health, LLC",Oak Street Health Inc,2/2,"25=Y,15=Y",OK,
PACW,merger,231,M&A 2.01+3.01+5.01 (acquired by external acquirer),PACWEST BANCORP,FIRST COMMUNITY BANCORP /CA/,Pacwest Bancorp,1/1,"25=Y,15=Y",OK,
PAS,expiration,600,"Non-equity security (asset_type='etf', name='graniteshares 2x short panw daily etf')",,,GRANITESHARES 2X SHORT PANW DAILY ETF ,,,no_cik,
PBCT,merger,231,M&A 2.01+3.01+5.01 (acquired by external acquirer),"People's United Financial, Inc.",,People`s United Financial Inc,3/3,"25=Y,15=Y",OK,
PBG,compliance_failure,570,"Compliance failure (3.01 alone, no M&A indicators)",PEPSI BOTTLING GROUP INC,,PEPSI BOTTLING GROUP INC,2/2,"25=Y,15=Y",OK,
PCP,merger,231,M&A 2.01+3.01+5.01 (acquired by external acquirer),PRECISION CASTPARTS CORP,,Precision Castparts Corp,2/2,"25=Y,15=Y",OK,
PCYC,merger,231,M&A 2.01+3.01+5.01 (acquired by external acquirer),PHARMACYCLICS INC,,Pharmacyclics Inc,1/1,"25=Y,15=Y",OK,
PDCE,merger,231,M&A 2.01+3.01+5.01 (acquired by external acquirer),"PDC ENERGY, INC.",PETROLEUM DEVELOPMENT CORP,PDC Energy Inc,1/1,"25=Y,15=Y",OK,
PDCO,merger,231,M&A 2.01+3.01+5.01 (acquired by external acquirer),"PATTERSON COMPANIES, INC.",PATTERSON DENTAL CO,Patterson Companies Inc,2/2,"25=Y,15=Y",OK,
PDLI,compliance_failure,570,"Compliance failure (3.01 alone, no M&A indicators)","PDL BIOPHARMA, INC.",PROTEIN DESIGN LABS INC/DE,PDL Biopharma Inc,1/1,"25=Y,15=Y",OK,
PE,expiration,600,"Non-equity security (asset_type='etf', name='cambria buyout etf')",,,CAMBRIA BUYOUT ETF ,,,no_cik,
PETM,merger,231,M&A 2.01+3.01+5.01 (acquired by external acquirer),PETSMART INC,,PetSmart Inc,0/1,"25=Y,15=Y",OK_recycled_ticker,AV name stale (ticker recycled); CIK has Form 25 within ±30d of observed
PF,merger,231,M&A 2.01+3.01+5.01 (acquired by external acquirer),PINNACLE FOODS INC.,,Pinnacle Foods Inc,2/2,"25=Y,15=Y",OK,
PFPT,merger,231,M&A 2.01+3.01+5.01 (acquired by external acquirer),PROOFPOINT INC,,Proofpoint Inc,1/1,"25=Y,15=Y",OK,
PGN,exchange_transfer,304,Continued 10-K/Q filings >180d after delist (moved to OTC or spun off),PROGRESS ENERGY INC,CP&L ENERGY INC; CP&L HOLDINGS INC,,0/0,"25=N,15=N",WEAK_no_delist_form,
PGRE,merger,231,M&A 2.01+3.01+5.01 (acquired by external acquirer),"Paramount Group, Inc.",,Paramount Group Inc,1/1,"25=Y,15=Y",OK,
PINC,merger,231,M&A 2.01+3.01+5.01 (acquired by external acquirer),"Premier, Inc.",,Premier Inc - Class A,1/2,"25=Y,15=Y",OK,
PLAN,merger,231,M&A 2.01+3.01+5.01 (acquired by external acquirer),"Anaplan, Inc.",,Anaplan Inc,1/1,"25=Y,15=Y",OK,
PLCM,merger,231,M&A 2.01+3.01+5.01 (acquired by external acquirer),POLYCOM INC,,Polycom Inc,1/1,"25=Y,15=Y",OK,
PLL,merger,231,M&A 2.01+3.01+5.01 (acquired by external acquirer),Piedmont Lithium Inc.,Piedmont Lithium Ltd,Piedmont Lithium Inc,2/2,"25=Y,15=Y",OK,
PMCS,merger,231,M&A 2.01+3.01+5.01 (acquired by external acquirer),PMC SIERRA INC,SIERRA SEMICONDUCTOR CORP; SIERRA SEMICONDUCTOR CORPORATION,PMCSierra Inc,0/1,"25=Y,15=Y",OK_recycled_ticker,AV name stale (ticker recycled); CIK has Form 25 within ±30d of observed
PNRA,merger,231,M&A 2.01+3.01+5.01 (acquired by external acquirer),PANERA BREAD CO,AU BON PAIN CO INC,Panera Bread Company,2/2,"25=Y,15=Y",OK,
PNY,exchange_transfer,304,Continued 10-K/Q filings >180d after delist (moved to OTC or spun off),PIEDMONT NATURAL GAS CO INC,,Piedmont Natural Gas Company Inc,2/2,"25=Y,15=N",OK,
PPD,merger,231,M&A 2.01+3.01+5.01 (acquired by external acquirer),"PPD, Inc.",,PPD Inc,0/0,"25=Y,15=Y",OK,
PPO,merger,231,M&A 2.01+3.01+5.01 (acquired by external acquirer),"Polypore International, Inc.",,Polypore International Inc,1/1,"25=Y,15=Y",OK,
PPP,exchange_transfer,304,Continued 10-K/Q filings >180d after delist (moved to OTC or spun off),PRIMERO MINING CORP,MALA NOCHE RESOURCES CORP,Primero Mining Corp,2/2,"25=Y,15=Y",OK,
PPS,merger,231,M&A 2.01+3.01+5.01 (acquired by external acquirer),POST PROPERTIES INC,,Post Properties Inc,2/2,"25=Y,15=Y",OK,
PRAH,merger,231,M&A 2.01+3.01+5.01 (acquired by external acquirer),"PRA Health Sciences, Inc.",,PRA Health Sciences Inc,2/2,"25=Y,15=Y",OK,
PTHN,merger,231,M&A 2.01+3.01+5.01 (acquired by external acquirer),Patheon N.V.,Patheon Holdings Cooperatief U.A.,Patheon N.V. par value 0.01 per share,1/3,"25=Y,15=Y",OK,
PX,merger,231,M&A 2.01+3.01+5.01 (acquired by external acquirer),LINDE INC,PRAXAIR INC,Praxair Inc,1/1,"25=Y,15=Y",OK,
PXD,merger,231,M&A 2.01+3.01+5.01 (acquired by external acquirer),PIONEER NATURAL RESOURCES CO,,Pioneer Natural Resources Company,3/3,"25=Y,15=Y",OK,
PXP,merger,231,M&A 2.01+3.01+5.01 (acquired by external acquirer),PLAINS EXPLORATION & PRODUCTION CO,PLAINS EXPLORATION & PRODUCTION CO L P; STOCKER RESOURCES LP,Plains Exploration & Production Company,3/3,"25=Y,15=Y",OK,
PYCR,merger,231,M&A 2.01+3.01+5.01 (acquired by external acquirer),"PAYCOR HCM, INC.","PRIDE PARENT, INC.",Paycor HCM Inc,1/1,"25=Y,15=Y",OK,
QCOR,merger,231,M&A 2.01+3.01+5.01 (acquired by external acquirer),QUESTCOR PHARMACEUTICALS INC,CYPROS PHARMACEUTICAL CORP,Questcor Pharmaceuticals Inc,2/2,"25=Y,15=Y",OK,
QEP,merger,231,M&A 2.01+3.01+5.01 (acquired by external acquirer),"QEP RESOURCES, INC.",QUESTAR MARKET RESOURCES INC,QEP Resources Inc,1/1,"25=Y,15=Y",OK,
QLGC,merger,231,M&A 2.01+3.01+5.01 (acquired by external acquirer),QLOGIC CORP,Q LOGIC CORP,QLogic Corp,1/1,"25=Y,15=Y",OK,
RAH,merger,231,M&A 2.01+3.01+5.01 (acquired by external acquirer),RALCORP HOLDINGS INC /MO,NEW RALCORP HOLDINGS INC,Ralcorp Holdings,1/1,"25=Y,15=Y",OK,
RAI,merger,231,M&A 2.01+3.01+5.01 (acquired by external acquirer),REYNOLDS AMERICAN INC,,Reynolds American Inc,2/2,"25=Y,15=Y",OK,
RAX,merger,231,M&A 2.01+3.01+5.01 (acquired by external acquirer),"RACKSPACE HOSTING, INC.",RACKSPACE INC; RACKSPACE MANAGED HOSTING INC; RACKSPACE COM INC,Rackspace Hosting Inc,2/2,"25=Y,15=Y",OK,
RCPT,merger,231,M&A 2.01+3.01+5.01 (acquired by external acquirer),"Receptos, Inc.","Receptos, Inc. (f.k.a. Receptor Pharmaceuticals Inc.)",Receptos Inc,1/1,"25=Y,15=Y",OK,
RDC,merger,231,M&A 2.01+3.01+5.01 (acquired by external acquirer),ROWAN COMPANIES PLC,ROWAN COMPANIES INC,Rowan Companies PLC,2/2,"25=Y,15=Y",OK,
RESP,expiration,600,"Non-equity security (asset_type='etf', name='wisdomtree u.s. esg fund')",,,WisdomTree U.S. ESG Fund,,,no_cik,
RETA,merger,231,M&A 2.01+3.01+5.01 (acquired by external acquirer),REATA PHARMACEUTICALS INC,,Reata Pharmaceuticals Inc - Class A,2/3,"25=Y,15=Y",OK,
RHT,merger,231,M&A 2.01+3.01+5.01 (acquired by external acquirer),RED HAT INC,,Red Hat Inc,0/0,"25=Y,15=Y",OK,
RICE,merger,231,M&A 2.01+3.01+5.01 (acquired by external acquirer),"EQT RE, LLC",Rice Energy Inc.,Rice Energy Inc,2/2,"25=Y,15=Y",OK,
ROH,compliance_failure,570,"Compliance failure (3.01 alone, no M&A indicators)",ROHM & HAAS CO,,ROHM HAAS CO,2/2,"25=Y,15=Y",OK,
RP,merger,231,M&A 2.01+3.01+5.01 (acquired by external acquirer),"RealPage, Inc.",REALPAGE INC,RealPage Inc,2/2,"25=Y,15=Y",OK,
RPAI,merger,231,M&A 2.01+3.01+5.01 (acquired by external acquirer),"RETAIL PROPERTIES OF AMERICA, INC.",INLAND WESTERN RETAIL REAL ESTATE TRUST INC,Retail Properties of America Inc - Class A,3/4,"25=Y,15=Y",OK,
RRD,merger,231,M&A 2.01+3.01+5.01 (acquired by external acquirer),RR Donnelley & Sons Co,DONNELLEY R R & SONS CO,R.R. Donnelley & Sons Company,2/2,"25=Y,15=Y",OK,
RSH,compliance_failure,570,"Compliance failure (3.01 alone, no M&A indicators)",RS Legacy Corp,RADIOSHACK CORP; TANDY CORP /DE/,RadioShack Corp,0/2,"25=Y,15=Y",MISMATCH_name,AV name shares no tokens with EDGAR name
RSPP,merger,231,M&A 2.01+3.01+5.01 (acquired by external acquirer),"RSP Permian, Inc.",,RSP Permian Inc,1/1,"25=Y,15=Y",OK,
RVBD,merger,231,M&A 2.01+3.01+5.01 (acquired by external acquirer),"Riverbed Technology, Inc.",,Riverbed Technology Inc,2/2,"25=Y,15=Y",OK,
RYL,merger,231,M&A 2.01+3.01+5.01 (acquired by external acquirer),RYLAND GROUP INC,,The Ryland Group Inc,1/1,"25=Y,15=Y",OK,
SAF,exchange_transfer,304,Continued 10-K/Q filings >180d after delist (moved to OTC or spun off),SARATOGA INVESTMENT CORP.,GSC INVESTMENT CORP.; GSC Investment LLC,Saratoga Investment Corp,2/2,"25=N,15=N",WEAK_no_delist_form,
SAGE,merger,231,M&A 2.01+3.01+5.01 (acquired by external acquirer),"Sage Therapeutics, Inc.",,Sage Therapeutics Inc,2/2,"25=Y,15=Y",OK,
SAVE,exchange_transfer,304,Continued 10-K/Q filings >180d after delist (moved to OTC or spun off),"Spirit Aviation Holdings, Inc.","Spirit Airlines, Inc.",,0/0,"25=Y,15=Y",OK,
SC,merger,200,M&A 2.01+3.01 (acquisition with delisting),Santander Consumer USA Holdings Inc.,,Santander Consumer USA Holdings Inc,2/2,"25=Y,15=Y",OK,
SCG,merger,231,M&A 2.01+3.01+5.01 (acquired by external acquirer),SCANA CORP,,SCANA Corp,1/1,"25=Y,15=Y",OK,
SCS,merger,231,M&A 2.01+3.01+5.01 (acquired by external acquirer),STEELCASE INC,STEELCASE INC,Steelcase Inc - Class A,1/2,"25=Y,15=Y",OK,
SCTY,merger,231,M&A 2.01+3.01+5.01 (acquired by external acquirer),SOLARCITY CORP,,,0/0,"25=Y,15=Y",OK,
SEE,merger,231,M&A 2.01+3.01+5.01 (acquired by external acquirer),SEALED AIR CORP/DE,WR GRACE & CO/DE; GRACE HOLDING INC; GRACE HOLDINGING INC,Sealed Air Corp,1/1,"25=Y,15=Y",OK,
SFG,merger,231,M&A 2.01+3.01+5.01 (acquired by external acquirer),STANCORP FINANCIAL GROUP INC,,StanCorp Financial Group Inc,1/2,"25=Y,15=Y",OK,
SGFY,merger,231,M&A 2.01+3.01+5.01 (acquired by external acquirer),"Signify Health, Inc.",,Signify Health Inc - Class A,2/3,"25=Y,15=Y",OK,
SHAW,merger,231,M&A 2.01+3.01+5.01 (acquired by external acquirer),SHAW GROUP INC,,Shaw Group Inc,1/1,"25=Y,15=Y",OK,
SHOS,merger,200,M&A 2.01+3.01 (acquisition with delisting),"Sears Hometown Stores, Inc.","Sears Hometown & Outlet Stores, Inc.; SEARS HOMETOWN & OUTLET STORES, INC.",Sears Hometown and Outlet Stores Inc,4/4,"25=Y,15=Y",OK,
SIAL,liquidation,400,"Form 25 + Form 15, 8-K without M&A items: liquidation/voluntary dereg",SIGMA ALDRICH CORP,,SigmaAldrich Corp,2/2,"25=Y,15=Y",OK,
SIRO,merger,231,M&A 2.01+3.01+5.01 (acquired by external acquirer),"SIRONA DENTAL SYSTEMS, INC.",SCHICK TECHNOLOGIES INC,Sirona Dental Systems Inc,3/3,"25=Y,15=Y",OK,
SKS,merger,231,M&A 2.01+3.01+5.01 (acquired by external acquirer),SAKS INC,PROFFITTS INC,Saks Inc,1/1,"25=Y,15=Y",OK,
SKX,merger,231,M&A 2.01+3.01+5.01 (acquired by external acquirer),SKECHERS USA INC,,Skechers U S A Inc - Class A,1/2,"25=Y,15=Y",OK,
SLH,merger,231,M&A 2.01+3.01+5.01 (acquired by external acquirer),"SOLERA HOLDINGS, INC",SOLERA HOLDINGS LLC,Solera Holdings Inc,1/1,"25=Y,15=Y",OK,
SLXP,liquidation,470,3.01 + 2.04 (delisting with debt acceleration: distress/Ch.11 lead-in),SALIX PHARMACEUTICALS LTD,SALIX HOLDINGS LTD,Salix Pharmaceuticals Ltd,2/2,"25=Y,15=Y",OK,
SMAR,merger,231,M&A 2.01+3.01+5.01 (acquired by external acquirer),SMARTSHEET INC,SMARTSHEET.COM INC,Smartsheet Inc - Class A,1/2,"25=Y,15=N",OK,
SNI,merger,231,M&A 2.01+3.01+5.01 (acquired by external acquirer),"Scripps Networks Interactive, Inc.",,Scripps Networks Interactive Inc,3/3,"25=Y,15=Y",OK,
SNV,merger,231,M&A 2.01+3.01+5.01 (acquired by external acquirer),SYNOVUS FINANCIAL CORP,,Synovus Financial Corp,2/2,"25=Y,15=Y",OK,
SOV,exchange_transfer,304,Continued 10-K/Q filings >180d after delist (moved to OTC or spun off),"Santander Holdings USA, Inc.",SOVEREIGN BANCORP INC,Santander Holdings USA Inc,1/1,"25=N,15=N",WEAK_no_delist_form,
SPR,merger,231,M&A 2.01+3.01+5.01 (acquired by external acquirer),"Spirit AeroSystems Holdings, Inc.",,Spirit Aerosystems Holdings Inc - Class A,1/3,"25=Y,15=Y",OK,
SPW,exchange_transfer,304,Continued 10-K/Q filings >180d after delist (moved to OTC or spun off),"SPX Technologies, Inc.",SPX CORP,SPX Corp,0/0,"25=N,15=N",WEAK_no_delist_form,
SRC,merger,231,M&A 2.01+3.01+5.01 (acquired by external acquirer),"SPIRIT REALTY CAPITAL, INC.",Cole Credit Property Trust II Inc,Spirit Realty Capital Inc,3/3,"25=Y,15=Y",OK,
SRCL,merger,231,M&A 2.01+3.01+5.01 (acquired by external acquirer),STERICYCLE INC,,Stericycle Inc,1/1,"25=Y,15=Y",OK,
STAY,merger,231,M&A 2.01+3.01+5.01 (acquired by external acquirer),"Extended Stay America, Inc.",,Extended Stay America Inc - Units,3/4,"25=Y,15=Y",OK,
STJ,merger,231,M&A 2.01+3.01+5.01 (acquired by external acquirer),"ST JUDE MEDICAL, LLC",ST JUDE MEDICAL INC,St Jude Medical Inc,2/2,"25=Y,15=Y",OK,
STL,merger,231,M&A 2.01+3.01+5.01 (acquired by external acquirer),STERLING BANCORP,PROVIDENT NEW YORK BANCORP; PROVIDENT BANCORP INC/NY/,Sterling Bancorp.,1/1,"25=Y,15=Y",OK,
STOR,exchange_transfer,304,Continued 10-K/Q filings >180d after delist (moved to OTC or spun off),STORE CAPITAL LLC,STORE CAPITAL Corp,Store Capital Corp,2/2,"25=Y,15=N",OK,
STR,merger,231,M&A 2.01+3.01+5.01 (acquired by external acquirer),DOMINION QUESTAR CORP,QUESTAR CORP,Questar Corp,1/1,"25=Y,15=Y",OK,
STRZA,merger,231,M&A 2.01+3.01+5.01 (acquired by external acquirer),Starz Acquisition LLC,"Starz; Liberty Media Corp; Liberty CapStarz, Inc.; Liberty Splitco, Inc.",Starz,1/1,"25=Y,15=Y",OK,
SUG,exchange_transfer,304,Continued 10-K/Q filings >180d after delist (moved to OTC or spun off),SOUTHERN UNION CO,,SOUTHERN UNION CO,2/2,"25=Y,15=Y",OK,
SVU,merger,231,M&A 2.01+3.01+5.01 (acquired by external acquirer),SUPERVALU INC,,SUPERVALU INC.,1/1,"25=Y,15=Y",OK,
SWAV,merger,231,M&A 2.01+3.01+5.01 (acquired by external acquirer),"Shockwave Medical, Inc.",,Shockwave Medical Inc,2/2,"25=Y,15=Y",OK,
SWCH,merger,231,M&A 2.01+3.01+5.01 (acquired by external acquirer),"Switch, Inc.",,Switch Inc - Class A,1/2,"25=Y,15=Y",OK,
SWI,merger,231,M&A 2.01+3.01+5.01 (acquired by external acquirer),SolarWinds Corp,,SolarWinds Corp,2/2,"25=Y,15=Y",OK,
SWY,merger,231,M&A 2.01+3.01+5.01 (acquired by external acquirer),SAFEWAY INC,,Safeway Inc,1/1,"25=Y,15=Y",OK,
SYNH,merger,231,M&A 2.01+3.01+5.01 (acquired by external acquirer),"Syneos Health, Inc.","INC Research Holdings, Inc.",Syneos Health Inc - Class A,2/3,"25=Y,15=Y",OK,
TAHO,liquidation,400,"Form 25 + Form 15, no merger 8-K: voluntary dereg / liquidation",TAHOE RESOURCES INC.,,Tahoe Resources Inc,2/2,"25=Y,15=Y",OK,
TCF,merger,233,M&A 2.01+5.01 (subsidiary buyback / parent acquisition),TCF FINANCIAL CORP,CHEMICAL FINANCIAL CORP,TCF Financial Corp,1/1,"25=Y,15=Y",OK,
TCO,merger,231,M&A 2.01+3.01+5.01 (acquired by external acquirer),TAUBMAN CENTERS INC,,Taubman Centers Inc,2/2,"25=Y,15=Y",OK,
TECD,merger,200,M&A 2.01+3.01 (acquisition with delisting),TECH DATA CORP,,Tech Data Corp,2/2,"25=Y,15=Y",OK,
TEG,liquidation,400,"Form 25 + Form 15, 8-K without M&A items: liquidation/voluntary dereg","INTEGRYS HOLDING, INC.","INTEGRYS ENERGY GROUP, INC.; WPS RESOURCES CORP",Integrys Energy Group Inc,2/2,"25=Y,15=Y",OK,
TERP,merger,200,M&A 2.01+3.01 (acquisition with delisting),"TerraForm Power NY Holdings, Inc.","TerraForm Power, Inc.; SUNEDISON YIELDCO, INC.",TerraForm Power Inc - Class A (New),3/4,"25=Y,15=Y",OK,
TGI,merger,231,M&A 2.01+3.01+5.01 (acquired by external acquirer),TRIUMPH GROUP INC,TRIUMPH GROUP INC /,,0/0,"25=Y,15=Y",OK,
TGNA,merger,231,M&A 2.01+3.01+5.01 (acquired by external acquirer),TEGNA INC,GANNETT CO INC /DE/,TEGNA Inc,1/1,"25=Y,15=Y",OK,
THOR,merger,231,M&A 2.01+3.01+5.01 (acquired by external acquirer),THORATEC CORP,THORATEC CARDIOSYSTEMS INC; THORATEC LABORATORIES CORP,Thoratec Corp,1/1,"25=Y,15=Y",OK,
THRX,exchange_transfer,304,Continued 10-K/Q filings >180d after delist (moved to OTC or spun off),"Innoviva, Inc.",THERAVANCE INC; ADVANCED MEDICINE INC,Theravance Inc,1/1,"25=N,15=N",WEAK_no_delist_form,
THS,merger,231,M&A 2.01+3.01+5.01 (acquired by external acquirer),"TreeHouse Foods, Inc.",,Treehouse Foods Inc,1/2,"25=Y,15=Y",OK,
TIBX,merger,231,M&A 2.01+3.01+5.01 (acquired by external acquirer),TIBCO SOFTWARE INC,,Tibco Software Inc,2/2,"25=Y,15=Y",OK,
TIE,merger,200,M&A 2.01+3.01 (acquisition with delisting),TITANIUM METALS CORP,,Titanium Metals Corp,2/2,"25=Y,15=Y",OK,
TIF,merger,231,M&A 2.01+3.01+5.01 (acquired by external acquirer),TIFFANY & CO,,Tiffany & Company,1/1,"25=Y,15=Y",OK,
TIN,merger,231,M&A 2.01+3.01+5.01 (acquired by external acquirer),TEMPLE INLAND INC,,TempleInland Inc,2/2,"25=Y,15=Y",OK,
TMUSR,expiration,600,"Non-equity security (asset_type='stock', name='tmobile us inc tradeable rights june 2020')",,,TMobile US Inc Tradeable Rights June 2020,,,no_cik,
TMX,merger,231,M&A 2.01+3.01+5.01 (acquired by external acquirer),TERMINIX GLOBAL HOLDINGS INC,SERVICEMASTER GLOBAL HOLDINGS INC,Terminix Global Holdings Inc,2/2,"25=Y,15=Y",OK,
TRCO,merger,231,M&A 2.01+3.01+5.01 (acquired by external acquirer),TRIBUNE MEDIA CO,TRIBUNE CO,Tribune Media Company,2/2,"25=Y,15=Y",OK,
TRH,merger,231,M&A 2.01+3.01+5.01 (acquired by external acquirer),TRANSATLANTIC HOLDINGS INC,,TRANSATLANTIC HOLDINGS INC,1/1,"25=Y,15=Y",OK,
TRW,merger,231,M&A 2.01+3.01+5.01 (acquired by external acquirer),ZF TRW AUTOMOTIVE HOLDINGS CORP,TRW AUTOMOTIVE HOLDINGS CORP,TRW Automotive Holdings Corp,1/1,"25=Y,15=Y",OK,
TSP,compliance_failure,580,"Compliance failure (3.01 alone, no M&A indicators) + NT 10-K/Q in prior year (delinquent filer 580)",TuSimple Holdings Inc.,Tusimple (Cayman) Ltd,,0/0,"25=Y,15=Y",OK,
TSRO,merger,231,M&A 2.01+3.01+5.01 (acquired by external acquirer),"TESARO, Inc.",,TESARO Inc,1/1,"25=Y,15=Y",OK,
TSS,expiration,600,"Non-equity security (asset_type='etf', name='graniteshares 1x short tsla daily etf')",,,GRANITESHARES 1X SHORT TSLA DAILY ETF ,,,no_cik,
TWC,merger,231,M&A 2.01+3.01+5.01 (acquired by external acquirer),"SPECTRUM MANAGEMENT HOLDING COMPANY, LLC",TIME WARNER CABLE INC.,Time Warner Cable Inc,3/3,"25=Y,15=Y",OK,
TWKS,merger,200,M&A 2.01+3.01 (acquisition with delisting),"Thoughtworks Holding, Inc.",Turing Holding Corp.,,0/0,"25=Y,15=Y",OK,
TWTR,merger,231,M&A 2.01+3.01+5.01 (acquired by external acquirer),"TWITTER, INC.",Twitter Inc,Twitter Inc,1/1,"25=Y,15=Y",OK,
TWX,merger,231,M&A 2.01+3.01+5.01 (acquired by external acquirer),"WARNER MEDIA, LLC",TIME WARNER LLC; TIME WARNER INC.; TIME WARNER INC; AOL TIME WARNER INC,Time Warner Inc,2/2,"25=Y,15=Y",OK,
UAG,expiration,600,"Non-equity security (asset_type='etf', name='ubs ag jersey')",,,UBS AG Jersey,,,no_cik,
UFS,exchange_transfer,304,Continued 10-K/Q filings >180d after delist (moved to OTC or spun off),Domtar CORP,,Domtar Corporation,1/1,"25=Y,15=Y",OK,
UMPQ,merger,231,M&A 2.01+3.01+5.01 (acquired by external acquirer),UMPQUA HOLDINGS CORP,,Umpqua Holdings Corp,1/1,"25=Y,15=Y",OK,
UNT,exchange_transfer,304,Continued 10-K/Q filings >180d after delist (moved to OTC or spun off),UNIT CORP,,Unit Corp,1/1,"25=N,15=N",WEAK_no_delist_form,
UNVR,merger,231,M&A 2.01+3.01+5.01 (acquired by external acquirer),Univar Solutions Inc.,Univar Inc.,Univar Solutions Inc,2/2,"25=Y,15=Y",OK,
URS,merger,231,M&A 2.01+3.01+5.01 (acquired by external acquirer),URS CORP /NEW/,,URS Corp,0/0,"25=Y,15=Y",OK,
UTIW,liquidation,400,"Form 25 + Form 15, 8-K without M&A items: liquidation/voluntary dereg",UTi WORLDWIDE INC,,UTi Worldwide Inc,1/1,"25=Y,15=Y",OK,
VAR,merger,231,M&A 2.01+3.01+5.01 (acquired by external acquirer),VARIAN MEDICAL SYSTEMS INC,VARIAN ASSOCIATES INC /DE/,Varian Medical Systems Inc,3/3,"25=Y,15=Y",OK,
VER,merger,231,M&A 2.01+3.01+5.01 (acquired by external acquirer),"VEREIT, Inc.","American Realty Capital Properties, Inc.",VEREIT Inc,1/1,"25=Y,15=Y",OK,
VMED,liquidation,400,"Form 25 + Form 15, 8-K without M&A items: liquidation/voluntary dereg",VIRGIN MEDIA INC.,NTL INC; TELEWEST GLOBAL INC,Virgin Media Inc,2/2,"25=N,15=Y",OK,
VMEO,merger,231,M&A 2.01+3.01+5.01 (acquired by external acquirer),"Vimeo, Inc.","Vimeo Holdings, Inc.",Vimeo Inc,1/1,"25=Y,15=Y",OK,
VMW,merger,231,M&A 2.01+3.01+5.01 (acquired by external acquirer),VMWARE LLC,"VMWARE, INC.",,0/0,"25=Y,15=Y",OK,
VNTV,exchange_transfer,304,Continued 10-K/Q filings >180d after delist (moved to OTC or spun off),"Worldpay, Inc.","Vantiv, Inc.",Vantiv Inc,1/1,"25=Y,15=Y",OK,
VR,expiration,600,"Non-equity security (asset_type='etf', name='global x metaverse etf')",,,GLOBAL X METAVERSE ETF ,,,no_cik,
VSM,merger,231,M&A 2.01+3.01+5.01 (acquired by external acquirer),"Versum Materials, Inc.","Versum Materials, LLC",Versum Materials Inc,2/2,"25=Y,15=Y",OK,
VSTO,liquidation,470,Bankruptcy (8-K item 1.03),Vista Outdoor Inc.,,Vista Outdoor Inc,2/2,"25=Y,15=Y",OK,
VVC,merger,231,M&A 2.01+3.01+5.01 (acquired by external acquirer),VECTREN CORP,,Vectren Corp,1/1,"25=Y,15=Y",OK,
VWR,merger,231,M&A 2.01+3.01+5.01 (acquired by external acquirer),VWR Corp,,VWR Corp,0/0,"25=Y,15=Y",OK,
WBA,merger,231,M&A 2.01+3.01+5.01 (acquired by external acquirer),"Walgreens Boots Alliance, Inc.",,Walgreens Boots Alliance Inc,3/3,"25=Y,15=Y",OK,
WBC,merger,231,M&A 2.01+3.01+5.01 (acquired by external acquirer),WABCO Holdings Inc.,,WABCO Holdings Inc,1/1,"25=Y,15=Y",OK,
WBMD,merger,231,M&A 2.01+3.01+5.01 (acquired by external acquirer),WebMD Health Corp.,"WebMD Health Holdings, Inc.",WebMD Health Corp,1/1,"25=Y,15=Y",OK,
WBT,merger,231,M&A 2.01+3.01+5.01 (acquired by external acquirer),"Welbilt, Inc.","Manitowoc Foodservice, Inc.",Welbilt Inc,1/1,"25=Y,15=Y",OK,
WCG,merger,231,M&A 2.01+3.01+5.01 (acquired by external acquirer),"WELLCARE HEALTH PLANS, INC.",WELLCARE GROUP INC,WellCare Health Plans Inc,2/4,"25=Y,15=Y",OK,
WCRX,merger,231,M&A 2.01+3.01+5.01 (acquired by external acquirer),Warner Chilcott plc,Warner Chilcott Ltd; Warner Chilcott Holdings Co Ltd,Warner Chilcott Plc,2/2,"25=Y,15=Y",OK,
WDR,merger,231,M&A 2.01+3.01+5.01 (acquired by external acquirer),WADDELL & REED FINANCIAL INC,,Waddell & Reed Financial Inc - Class A,3/4,"25=Y,15=Y",OK,
WE,compliance_failure,580,"Compliance failure (3.01 alone, no M&A indicators) + NT 10-K/Q in prior year (delinquent filer 580)",WeWork Inc.,BowX Acquisition Corp.,,0/0,"25=Y,15=Y",OK,
WFM,merger,231,M&A 2.01+3.01+5.01 (acquired by external acquirer),WHOLE FOODS MARKET INC,,Whole Foods Market Inc,3/3,"25=Y,15=Y",OK,
WNR,merger,233,M&A 2.01+5.01 (subsidiary buyback / parent acquisition),"Western Refining Logistics, LP",,Western Refining Inc,2/2,"25=Y,15=Y",OK,
WORK,merger,231,M&A 2.01+3.01+5.01 (acquired by external acquirer),"Slack Technologies, Inc.",,Slack Technologies Inc - Class A,2/3,"25=Y,15=Y",OK,
WP,merger,231,M&A 2.01+3.01+5.01 (acquired by external acquirer),"Worldpay, Inc.","Vantiv, Inc.",Worldpay Inc Class A,1/2,"25=Y,15=Y",OK,
WPX,merger,231,M&A 2.01+3.01+5.01 (acquired by external acquirer),"WPX ENERGY, INC.",,WPX Energy Inc,1/1,"25=Y,15=Y",OK,
WRI,merger,231,M&A 2.01+3.01+5.01 (acquired by external acquirer),WEINGARTEN REALTY INVESTORS /TX/,,Weingarten Realty Investors,3/3,"25=Y,15=Y",OK,
WWAV,merger,231,M&A 2.01+3.01+5.01 (acquired by external acquirer),WHITEWAVE FOODS Co,,WhiteWave Foods Company,1/3,"25=Y,15=Y",OK,
WYN,exchange_transfer,304,Continued 10-K/Q filings >180d after delist (moved to OTC or spun off),Travel & Leisure Co.,"Travel & Leisure Co.; Wyndham Destinations, Inc.; WYNDHAM WORLDWIDE CORP",Wyndham Worldwide Corp,2/2,"25=N,15=N",WEAK_no_delist_form,
X,merger,231,M&A 2.01+3.01+5.01 (acquired by external acquirer),UNITED STATES STEEL CORP,UNITED STATES STEEL LLC,United States Steel Corp,3/3,"25=Y,15=Y",OK,
XCO,exchange_transfer,304,Continued 10-K/Q filings >180d after delist (moved to OTC or spun off),EXCO RESOURCES INC,MINERAL DEVELOPMENT INC,EXCO Resources Inc,2/2,"25=Y,15=Y",OK,
XEC,merger,231,M&A 2.01+3.01+5.01 (acquired by external acquirer),CIMAREX ENERGY CO,HELMERICH & PAYNE EXPLORATION & PRODUCTION CO,Cimarex Energy Company,2/2,"25=Y,15=Y",OK,
XL,merger,231,M&A 2.01+3.01+5.01 (acquired by external acquirer),XL GROUP LTD,XL GROUP PLC; XL CAPITAL LTD; EXEL LTD,XL Group plc,0/0,"25=Y,15=Y",OK,
XLNX,merger,231,M&A 2.01+3.01+5.01 (acquired by external acquirer),XILINX INC,"XILINX, INCORPORATED",Xilinx Inc,1/1,"25=Y,15=Y",OK,
XLRN,merger,231,M&A 2.01+3.01+5.01 (acquired by external acquirer),ACCELERON PHARMA INC,,Acceleron Pharma Inc,2/2,"25=Y,15=Y",OK,
XLS,merger,231,M&A 2.01+3.01+5.01 (acquired by external acquirer),Exelis Inc.,"ITT DCO, Inc.",Exelis Inc,1/1,"25=Y,15=Y",OK,
XOG,merger,231,M&A 2.01+3.01+5.01 (acquired by external acquirer),"Extraction Oil & Gas, Inc.","Extraction Oil & Gas, LLC",Extraction Oil & Gas Inc - New,1/1,"25=Y,15=Y",OK,
XTO,compliance_failure,570,"Compliance failure (3.01 alone, no M&A indicators)",XTO ENERGY INC,CROSS TIMBERS OIL CO,,0/0,"25=Y,15=Y",OK,
Y,merger,231,M&A 2.01+3.01+5.01 (acquired by external acquirer),ALLEGHANY CORP /DE,,Alleghany Corp,1/1,"25=Y,15=Y",OK,
ZAYO,merger,231,M&A 2.01+3.01+5.01 (acquired by external acquirer),"Zayo Group Holdings, Inc.",,Zayo Group Holdings Inc,1/1,"25=Y,15=Y",OK,
ZEN,merger,231,M&A 2.01+3.01+5.01 (acquired by external acquirer),"Zendesk, Inc.",,Zendesk Inc,1/1,"25=Y,15=Y",OK,
ZNGA,merger,231,M&A 2.01+3.01+5.01 (acquired by external acquirer),ZYNGA INC,ZYNGA GAME NETWORK INC,Zynga Inc - Class A,1/2,"25=Y,15=Y",OK,
ZU,merger,231,M&A 2.01+3.01+5.01 (acquired by external acquirer),"zulily, inc.",,Zulily Inc,1/1,"25=Y,15=Y",OK,
